run	label	measure	n	mean	p1	p5	p25	p50	p75	p95	p99
ERR3004229	IgM	raw_R1	200000	325.0	325	325	325	325	325	325	325
ERR3004229	IgM	raw_R2	200000	285.0	285	285	285	285	285	285	285
ERR3004229	IgM	trimmed_R1	200000	325.0	325	325	325	325	325	325	325
ERR3004229	IgM	trimmed_R2	200000	285.0	285	285	285	285	285	285	285
ERR3004229	IgM	pr_trimmed_R1	200000	290.9	269	271	288	288	298	299	302
ERR3004229	IgM	pr_trimmed_R2	200000	226.0	226	226	226	226	226	226	227
ERR3004229	IgM	merged	200000	392.1	361	370	382	391	401	418	430
ERR3004229	IgM	post_filter	200000	392.4	364	370	382	391	401	418	430
ERR3004229	IgM	overlap	199941	124.8	86	99	115	126	135	148	156
ERR3004230	IgG	raw_R1	200000	325.0	325	325	325	325	325	325	325
ERR3004230	IgG	raw_R2	200000	285.0	285	285	285	285	285	285	285
ERR3004230	IgG	trimmed_R1	200000	325.0	325	325	325	325	325	325	325
ERR3004230	IgG	trimmed_R2	200000	285.0	285	285	285	285	285	285	285
ERR3004230	IgG	pr_trimmed_R1	200000	292.5	269	274	288	298	298	299	302
ERR3004230	IgG	pr_trimmed_R2	200000	244.0	244	244	244	244	244	244	245
ERR3004230	IgG	merged	200000	385.6	354	366	375	384	393	414	437
ERR3004230	IgG	post_filter	200000	386.1	357	366	375	384	393	414	444
ERR3004230	IgG	overlap	199871	150.9	98	122	142	152	162	173	182
ERR3004231	IgK	raw_R1	200000	325.0	325	325	325	325	325	325	325
ERR3004231	IgK	raw_R2	200000	285.0	285	285	285	285	285	285	285
ERR3004231	IgK	trimmed_R1	200000	325.0	325	325	325	325	325	325	325
ERR3004231	IgK	trimmed_R2	200000	285.0	285	285	285	285	285	285	285
ERR3004231	IgK	pr_trimmed_R1	200000	299.0	283	296	297	300	302	303	303
ERR3004231	IgK	pr_trimmed_R2	200000	228.7	227	227	228	229	230	230	231
ERR3004231	IgK	merged	200000	415.5	387	400	403	420	425	435	445
ERR3004231	IgK	post_filter	200000	415.9	400	403	403	420	425	435	444
ERR3004231	IgK	overlap	199893	112.2	83	89	100	107	127	130	143
ERR3004232	IgL	raw_R1	200000	325.0	325	325	325	325	325	325	325
ERR3004232	IgL	raw_R2	200000	285.0	285	285	285	285	285	285	285
ERR3004232	IgL	trimmed_R1	200000	325.0	325	325	325	325	325	325	325
ERR3004232	IgL	trimmed_R2	200000	285.0	285	285	285	285	285	285	285
ERR3004232	IgL	pr_trimmed_R1	200000	295.6	293	294	294	296	296	300	302
ERR3004232	IgL	pr_trimmed_R2	200000	241.0	241	241	241	241	241	241	242
ERR3004232	IgL	merged	200000	395.4	353	383	391	397	399	406	418
ERR3004232	IgL	post_filter	200000	396.0	379	385	391	397	399	405	418
ERR3004232	IgL	overlap	199903	141.3	121	130	136	139	145	154	183
