run	measure	length	count
ERR3004229	merged	283	2
ERR3004229	merged	286	1
ERR3004229	merged	288	13
ERR3004229	merged	291	2
ERR3004229	merged	292	1
ERR3004229	merged	294	4
ERR3004229	merged	296	1
ERR3004229	merged	297	1
ERR3004229	merged	298	2
ERR3004229	merged	299	7
ERR3004229	merged	300	7
ERR3004229	merged	301	18
ERR3004229	merged	302	7
ERR3004229	merged	304	7
ERR3004229	merged	306	2
ERR3004229	merged	308	18
ERR3004229	merged	309	4
ERR3004229	merged	310	2
ERR3004229	merged	311	8
ERR3004229	merged	312	4
ERR3004229	merged	313	11
ERR3004229	merged	314	1
ERR3004229	merged	315	3
ERR3004229	merged	316	2
ERR3004229	merged	318	20
ERR3004229	merged	319	8
ERR3004229	merged	321	21
ERR3004229	merged	322	3
ERR3004229	merged	323	21
ERR3004229	merged	324	1
ERR3004229	merged	325	16
ERR3004229	merged	326	4
ERR3004229	merged	328	7
ERR3004229	merged	329	29
ERR3004229	merged	330	6
ERR3004229	merged	331	23
ERR3004229	merged	332	5
ERR3004229	merged	334	15
ERR3004229	merged	336	4
ERR3004229	merged	337	7
ERR3004229	merged	338	6
ERR3004229	merged	339	13
ERR3004229	merged	340	19
ERR3004229	merged	341	11
ERR3004229	merged	342	3
ERR3004229	merged	343	24
ERR3004229	merged	344	3
ERR3004229	merged	345	3
ERR3004229	merged	346	16
ERR3004229	merged	347	1
ERR3004229	merged	348	22
ERR3004229	merged	349	8
ERR3004229	merged	350	7
ERR3004229	merged	351	21
ERR3004229	merged	352	89
ERR3004229	merged	353	26
ERR3004229	merged	354	12
ERR3004229	merged	355	57
ERR3004229	merged	356	12
ERR3004229	merged	357	34
ERR3004229	merged	358	370
ERR3004229	merged	359	25
ERR3004229	merged	360	63
ERR3004229	merged	361	932
ERR3004229	merged	362	44
ERR3004229	merged	363	83
ERR3004229	merged	364	1974
ERR3004229	merged	365	63
ERR3004229	merged	366	76
ERR3004229	merged	367	2304
ERR3004229	merged	368	89
ERR3004229	merged	369	106
ERR3004229	merged	370	4550
ERR3004229	merged	371	147
ERR3004229	merged	372	141
ERR3004229	merged	373	6530
ERR3004229	merged	374	202
ERR3004229	merged	375	197
ERR3004229	merged	376	11583
ERR3004229	merged	377	335
ERR3004229	merged	378	256
ERR3004229	merged	379	11512
ERR3004229	merged	380	472
ERR3004229	merged	381	312
ERR3004229	merged	382	14956
ERR3004229	merged	383	524
ERR3004229	merged	384	254
ERR3004229	merged	385	15291
ERR3004229	merged	386	593
ERR3004229	merged	387	331
ERR3004229	merged	388	18008
ERR3004229	merged	389	618
ERR3004229	merged	390	306
ERR3004229	merged	391	15448
ERR3004229	merged	392	649
ERR3004229	merged	393	355
ERR3004229	merged	394	14323
ERR3004229	merged	395	614
ERR3004229	merged	396	291
ERR3004229	merged	397	12387
ERR3004229	merged	398	780
ERR3004229	merged	399	231
ERR3004229	merged	400	10848
ERR3004229	merged	401	877
ERR3004229	merged	402	280
ERR3004229	merged	403	9115
ERR3004229	merged	404	1038
ERR3004229	merged	405	222
ERR3004229	merged	406	6848
ERR3004229	merged	407	1003
ERR3004229	merged	408	207
ERR3004229	merged	409	5922
ERR3004229	merged	410	1071
ERR3004229	merged	411	198
ERR3004229	merged	412	4104
ERR3004229	merged	413	972
ERR3004229	merged	414	218
ERR3004229	merged	415	5960
ERR3004229	merged	416	909
ERR3004229	merged	417	141
ERR3004229	merged	418	2308
ERR3004229	merged	419	824
ERR3004229	merged	420	172
ERR3004229	merged	421	1655
ERR3004229	merged	422	630
ERR3004229	merged	423	170
ERR3004229	merged	424	962
ERR3004229	merged	425	430
ERR3004229	merged	426	145
ERR3004229	merged	427	716
ERR3004229	merged	428	378
ERR3004229	merged	429	122
ERR3004229	merged	430	540
ERR3004229	merged	431	303
ERR3004229	merged	432	65
ERR3004229	merged	433	322
ERR3004229	merged	434	155
ERR3004229	merged	435	63
ERR3004229	merged	436	167
ERR3004229	merged	437	189
ERR3004229	merged	438	50
ERR3004229	merged	439	107
ERR3004229	merged	440	86
ERR3004229	merged	441	17
ERR3004229	merged	442	118
ERR3004229	merged	443	47
ERR3004229	merged	444	20
ERR3004229	merged	445	33
ERR3004229	merged	446	30
ERR3004229	merged	447	25
ERR3004229	merged	448	28
ERR3004229	merged	449	20
ERR3004229	merged	450	16
ERR3004229	merged	451	14
ERR3004229	merged	452	8
ERR3004229	merged	453	4
ERR3004229	merged	454	25
ERR3004229	merged	455	20
ERR3004229	merged	456	2
ERR3004229	merged	457	8
ERR3004229	merged	458	2
ERR3004229	merged	459	1
ERR3004229	merged	460	2
ERR3004229	merged	461	1
ERR3004229	merged	463	6
ERR3004229	merged	464	3
ERR3004229	merged	465	1
ERR3004229	merged	466	1
ERR3004229	merged	468	1
ERR3004229	merged	470	2
ERR3004229	merged	472	3
ERR3004229	merged	478	7
ERR3004229	merged	481	1
ERR3004229	merged	485	7
ERR3004229	merged	493	1
ERR3004229	merged	494	2
ERR3004229	merged	495	1
ERR3004229	merged	498	1
ERR3004229	overlap	20	1
ERR3004229	overlap	27	1
ERR3004229	overlap	29	1
ERR3004229	overlap	31	1
ERR3004229	overlap	32	1
ERR3004229	overlap	38	2
ERR3004229	overlap	40	5
ERR3004229	overlap	41	1
ERR3004229	overlap	42	2
ERR3004229	overlap	44	1
ERR3004229	overlap	47	7
ERR3004229	overlap	48	1
ERR3004229	overlap	49	1
ERR3004229	overlap	50	1
ERR3004229	overlap	52	4
ERR3004229	overlap	53	2
ERR3004229	overlap	54	1
ERR3004229	overlap	55	5
ERR3004229	overlap	56	2
ERR3004229	overlap	58	5
ERR3004229	overlap	59	7
ERR3004229	overlap	60	7
ERR3004229	overlap	61	13
ERR3004229	overlap	62	13
ERR3004229	overlap	63	2
ERR3004229	overlap	64	8
ERR3004229	overlap	65	10
ERR3004229	overlap	66	3
ERR3004229	overlap	67	23
ERR3004229	overlap	68	25
ERR3004229	overlap	69	8
ERR3004229	overlap	70	43
ERR3004229	overlap	71	25
ERR3004229	overlap	72	48
ERR3004229	overlap	73	52
ERR3004229	overlap	74	59
ERR3004229	overlap	75	13
ERR3004229	overlap	76	74
ERR3004229	overlap	77	77
ERR3004229	overlap	78	34
ERR3004229	overlap	79	127
ERR3004229	overlap	80	151
ERR3004229	overlap	81	85
ERR3004229	overlap	82	185
ERR3004229	overlap	83	258
ERR3004229	overlap	84	70
ERR3004229	overlap	85	526
ERR3004229	overlap	86	477
ERR3004229	overlap	87	150
ERR3004229	overlap	88	424
ERR3004229	overlap	89	478
ERR3004229	overlap	90	175
ERR3004229	overlap	91	581
ERR3004229	overlap	92	634
ERR3004229	overlap	93	422
ERR3004229	overlap	94	831
ERR3004229	overlap	95	941
ERR3004229	overlap	96	594
ERR3004229	overlap	97	965
ERR3004229	overlap	98	1294
ERR3004229	overlap	99	935
ERR3004229	overlap	100	1203
ERR3004229	overlap	101	1561
ERR3004229	overlap	102	1182
ERR3004229	overlap	103	1516
ERR3004229	overlap	104	2039
ERR3004229	overlap	105	1923
ERR3004229	overlap	106	2119
ERR3004229	overlap	107	2529
ERR3004229	overlap	108	2510
ERR3004229	overlap	109	4489
ERR3004229	overlap	110	2716
ERR3004229	overlap	111	3411
ERR3004229	overlap	112	2572
ERR3004229	overlap	113	3144
ERR3004229	overlap	114	4367
ERR3004229	overlap	115	3277
ERR3004229	overlap	116	3562
ERR3004229	overlap	117	5145
ERR3004229	overlap	118	3827
ERR3004229	overlap	119	3278
ERR3004229	overlap	120	6488
ERR3004229	overlap	121	4696
ERR3004229	overlap	122	3192
ERR3004229	overlap	123	7347
ERR3004229	overlap	124	4700
ERR3004229	overlap	125	2798
ERR3004229	overlap	126	9208
ERR3004229	overlap	127	5429
ERR3004229	overlap	128	2769
ERR3004229	overlap	129	7744
ERR3004229	overlap	130	5750
ERR3004229	overlap	131	2187
ERR3004229	overlap	132	7339
ERR3004229	overlap	133	5555
ERR3004229	overlap	134	1712
ERR3004229	overlap	135	5920
ERR3004229	overlap	136	5664
ERR3004229	overlap	137	1394
ERR3004229	overlap	138	6946
ERR3004229	overlap	139	5270
ERR3004229	overlap	140	1600
ERR3004229	overlap	141	3720
ERR3004229	overlap	142	4891
ERR3004229	overlap	143	1155
ERR3004229	overlap	144	2493
ERR3004229	overlap	145	3748
ERR3004229	overlap	146	843
ERR3004229	overlap	147	1438
ERR3004229	overlap	148	2384
ERR3004229	overlap	149	471
ERR3004229	overlap	150	1342
ERR3004229	overlap	151	1752
ERR3004229	overlap	152	274
ERR3004229	overlap	153	647
ERR3004229	overlap	154	1397
ERR3004229	overlap	155	192
ERR3004229	overlap	156	290
ERR3004229	overlap	157	534
ERR3004229	overlap	158	106
ERR3004229	overlap	159	76
ERR3004229	overlap	160	240
ERR3004229	overlap	161	73
ERR3004229	overlap	162	109
ERR3004229	overlap	163	128
ERR3004229	overlap	164	32
ERR3004229	overlap	165	21
ERR3004229	overlap	166	87
ERR3004229	overlap	167	16
ERR3004229	overlap	168	21
ERR3004229	overlap	169	17
ERR3004229	overlap	170	7
ERR3004229	overlap	171	38
ERR3004229	overlap	172	12
ERR3004229	overlap	173	10
ERR3004229	overlap	174	25
ERR3004229	overlap	175	5
ERR3004229	overlap	176	12
ERR3004229	overlap	177	7
ERR3004229	overlap	178	16
ERR3004229	overlap	179	12
ERR3004229	overlap	180	7
ERR3004229	overlap	181	5
ERR3004229	overlap	182	4
ERR3004229	overlap	183	29
ERR3004229	overlap	184	2
ERR3004229	overlap	185	10
ERR3004229	overlap	186	8
ERR3004229	overlap	187	10
ERR3004229	overlap	188	4
ERR3004229	overlap	189	8
ERR3004229	overlap	190	11
ERR3004229	overlap	191	15
ERR3004229	overlap	192	3
ERR3004229	overlap	193	21
ERR3004229	overlap	194	7
ERR3004229	overlap	195	20
ERR3004229	overlap	196	13
ERR3004229	overlap	197	6
ERR3004229	overlap	198	5
ERR3004229	overlap	199	3
ERR3004229	overlap	200	2
ERR3004229	overlap	201	12
ERR3004229	overlap	202	2
ERR3004229	overlap	203	14
ERR3004229	overlap	204	2
ERR3004229	overlap	205	7
ERR3004229	overlap	206	8
ERR3004229	overlap	207	7
ERR3004229	overlap	209	1
ERR3004229	overlap	210	3
ERR3004229	overlap	211	6
ERR3004229	overlap	212	3
ERR3004229	overlap	213	14
ERR3004229	overlap	214	8
ERR3004229	overlap	215	2
ERR3004229	overlap	216	1
ERR3004229	overlap	217	3
ERR3004229	overlap	218	1
ERR3004229	overlap	219	1
ERR3004229	overlap	220	3
ERR3004229	overlap	221	3
ERR3004229	overlap	222	2
ERR3004229	overlap	223	7
ERR3004229	overlap	224	1
ERR3004229	overlap	225	2
ERR3004229	overlap	226	24
ERR3004229	post_filter	325	3
ERR3004229	post_filter	340	1
ERR3004229	post_filter	349	3
ERR3004229	post_filter	351	1
ERR3004229	post_filter	352	57
ERR3004229	post_filter	353	1
ERR3004229	post_filter	355	31
ERR3004229	post_filter	358	375
ERR3004229	post_filter	359	10
ERR3004229	post_filter	360	1
ERR3004229	post_filter	361	965
ERR3004229	post_filter	362	17
ERR3004229	post_filter	363	12
ERR3004229	post_filter	364	2027
ERR3004229	post_filter	365	36
ERR3004229	post_filter	366	18
ERR3004229	post_filter	367	2380
ERR3004229	post_filter	368	64
ERR3004229	post_filter	369	34
ERR3004229	post_filter	370	4612
ERR3004229	post_filter	371	104
ERR3004229	post_filter	372	31
ERR3004229	post_filter	373	6597
ERR3004229	post_filter	374	149
ERR3004229	post_filter	375	64
ERR3004229	post_filter	376	11273
ERR3004229	post_filter	377	245
ERR3004229	post_filter	378	66
ERR3004229	post_filter	379	11728
ERR3004229	post_filter	380	397
ERR3004229	post_filter	381	97
ERR3004229	post_filter	382	15485
ERR3004229	post_filter	383	411
ERR3004229	post_filter	384	95
ERR3004229	post_filter	385	15861
ERR3004229	post_filter	386	471
ERR3004229	post_filter	387	122
ERR3004229	post_filter	388	18543
ERR3004229	post_filter	389	527
ERR3004229	post_filter	390	92
ERR3004229	post_filter	391	15955
ERR3004229	post_filter	392	521
ERR3004229	post_filter	393	104
ERR3004229	post_filter	394	14902
ERR3004229	post_filter	395	583
ERR3004229	post_filter	396	109
ERR3004229	post_filter	397	12858
ERR3004229	post_filter	398	684
ERR3004229	post_filter	399	98
ERR3004229	post_filter	400	11156
ERR3004229	post_filter	401	726
ERR3004229	post_filter	402	111
ERR3004229	post_filter	403	9506
ERR3004229	post_filter	404	887
ERR3004229	post_filter	405	108
ERR3004229	post_filter	406	7169
ERR3004229	post_filter	407	876
ERR3004229	post_filter	408	94
ERR3004229	post_filter	409	6049
ERR3004229	post_filter	410	1008
ERR3004229	post_filter	411	126
ERR3004229	post_filter	412	4215
ERR3004229	post_filter	413	921
ERR3004229	post_filter	414	144
ERR3004229	post_filter	415	6211
ERR3004229	post_filter	416	842
ERR3004229	post_filter	417	81
ERR3004229	post_filter	418	2406
ERR3004229	post_filter	419	803
ERR3004229	post_filter	420	114
ERR3004229	post_filter	421	1700
ERR3004229	post_filter	422	620
ERR3004229	post_filter	423	134
ERR3004229	post_filter	424	993
ERR3004229	post_filter	425	435
ERR3004229	post_filter	426	109
ERR3004229	post_filter	427	731
ERR3004229	post_filter	428	388
ERR3004229	post_filter	429	105
ERR3004229	post_filter	430	537
ERR3004229	post_filter	431	283
ERR3004229	post_filter	432	59
ERR3004229	post_filter	433	334
ERR3004229	post_filter	434	147
ERR3004229	post_filter	435	56
ERR3004229	post_filter	436	173
ERR3004229	post_filter	437	187
ERR3004229	post_filter	438	43
ERR3004229	post_filter	439	106
ERR3004229	post_filter	440	81
ERR3004229	post_filter	441	12
ERR3004229	post_filter	442	118
ERR3004229	post_filter	443	46
ERR3004229	post_filter	444	21
ERR3004229	post_filter	445	33
ERR3004229	post_filter	446	29
ERR3004229	post_filter	447	11
ERR3004229	post_filter	448	28
ERR3004229	post_filter	449	16
ERR3004229	post_filter	450	8
ERR3004229	post_filter	451	12
ERR3004229	post_filter	452	6
ERR3004229	post_filter	453	3
ERR3004229	post_filter	454	22
ERR3004229	post_filter	455	12
ERR3004229	post_filter	457	5
ERR3004229	post_filter	458	1
ERR3004229	post_filter	459	3
ERR3004229	post_filter	460	2
ERR3004229	post_filter	463	6
ERR3004229	post_filter	464	2
ERR3004229	post_filter	465	1
ERR3004229	post_filter	466	1
ERR3004229	post_filter	468	1
ERR3004229	post_filter	470	2
ERR3004229	post_filter	472	2
ERR3004229	post_filter	493	1
ERR3004229	post_filter	494	1
ERR3004229	post_filter	498	1
ERR3004229	pr_trimmed_R1	227	1
ERR3004229	pr_trimmed_R1	245	2
ERR3004229	pr_trimmed_R1	252	3
ERR3004229	pr_trimmed_R1	255	22
ERR3004229	pr_trimmed_R1	256	837
ERR3004229	pr_trimmed_R1	257	17
ERR3004229	pr_trimmed_R1	259	5
ERR3004229	pr_trimmed_R1	260	553
ERR3004229	pr_trimmed_R1	261	30
ERR3004229	pr_trimmed_R1	262	63
ERR3004229	pr_trimmed_R1	263	8
ERR3004229	pr_trimmed_R1	265	7
ERR3004229	pr_trimmed_R1	266	1
ERR3004229	pr_trimmed_R1	268	14
ERR3004229	pr_trimmed_R1	269	4118
ERR3004229	pr_trimmed_R1	270	128
ERR3004229	pr_trimmed_R1	271	6051
ERR3004229	pr_trimmed_R1	272	272
ERR3004229	pr_trimmed_R1	273	20
ERR3004229	pr_trimmed_R1	274	1910
ERR3004229	pr_trimmed_R1	275	1031
ERR3004229	pr_trimmed_R1	276	24
ERR3004229	pr_trimmed_R1	277	41
ERR3004229	pr_trimmed_R1	278	6723
ERR3004229	pr_trimmed_R1	279	248
ERR3004229	pr_trimmed_R1	280	31
ERR3004229	pr_trimmed_R1	281	18
ERR3004229	pr_trimmed_R1	282	10
ERR3004229	pr_trimmed_R1	283	7
ERR3004229	pr_trimmed_R1	284	350
ERR3004229	pr_trimmed_R1	285	8
ERR3004229	pr_trimmed_R1	286	9
ERR3004229	pr_trimmed_R1	287	335
ERR3004229	pr_trimmed_R1	288	81515
ERR3004229	pr_trimmed_R1	289	3528
ERR3004229	pr_trimmed_R1	290	179
ERR3004229	pr_trimmed_R1	291	110
ERR3004229	pr_trimmed_R1	292	4011
ERR3004229	pr_trimmed_R1	293	120
ERR3004229	pr_trimmed_R1	294	51
ERR3004229	pr_trimmed_R1	295	600
ERR3004229	pr_trimmed_R1	296	1226
ERR3004229	pr_trimmed_R1	297	3382
ERR3004229	pr_trimmed_R1	298	51956
ERR3004229	pr_trimmed_R1	299	22909
ERR3004229	pr_trimmed_R1	300	2949
ERR3004229	pr_trimmed_R1	301	122
ERR3004229	pr_trimmed_R1	302	4303
ERR3004229	pr_trimmed_R1	303	134
ERR3004229	pr_trimmed_R1	304	8
ERR3004229	pr_trimmed_R2	205	7
ERR3004229	pr_trimmed_R2	209	1
ERR3004229	pr_trimmed_R2	216	3
ERR3004229	pr_trimmed_R2	217	2
ERR3004229	pr_trimmed_R2	218	12
ERR3004229	pr_trimmed_R2	219	1
ERR3004229	pr_trimmed_R2	220	7
ERR3004229	pr_trimmed_R2	221	1
ERR3004229	pr_trimmed_R2	222	6
ERR3004229	pr_trimmed_R2	223	4
ERR3004229	pr_trimmed_R2	224	14
ERR3004229	pr_trimmed_R2	225	747
ERR3004229	pr_trimmed_R2	226	195876
ERR3004229	pr_trimmed_R2	227	2650
ERR3004229	pr_trimmed_R2	228	211
ERR3004229	pr_trimmed_R2	229	126
ERR3004229	pr_trimmed_R2	230	45
ERR3004229	pr_trimmed_R2	231	26
ERR3004229	pr_trimmed_R2	232	80
ERR3004229	pr_trimmed_R2	233	56
ERR3004229	pr_trimmed_R2	234	40
ERR3004229	pr_trimmed_R2	235	11
ERR3004229	pr_trimmed_R2	236	18
ERR3004229	pr_trimmed_R2	237	13
ERR3004229	pr_trimmed_R2	238	7
ERR3004229	pr_trimmed_R2	239	9
ERR3004229	pr_trimmed_R2	240	3
ERR3004229	pr_trimmed_R2	241	12
ERR3004229	pr_trimmed_R2	242	1
ERR3004229	pr_trimmed_R2	243	3
ERR3004229	pr_trimmed_R2	244	1
ERR3004229	pr_trimmed_R2	245	3
ERR3004229	pr_trimmed_R2	246	2
ERR3004229	pr_trimmed_R2	249	1
ERR3004229	pr_trimmed_R2	251	1
ERR3004229	raw_R1	325	200000
ERR3004229	raw_R2	285	200000
ERR3004229	trimmed_R1	264	1
ERR3004229	trimmed_R1	311	1
ERR3004229	trimmed_R1	312	4
ERR3004229	trimmed_R1	313	6
ERR3004229	trimmed_R1	314	8
ERR3004229	trimmed_R1	315	9
ERR3004229	trimmed_R1	316	9
ERR3004229	trimmed_R1	325	199962
ERR3004229	trimmed_R2	250	2
ERR3004229	trimmed_R2	251	5
ERR3004229	trimmed_R2	252	4
ERR3004229	trimmed_R2	253	2
ERR3004229	trimmed_R2	254	1
ERR3004229	trimmed_R2	255	2
ERR3004229	trimmed_R2	258	1
ERR3004229	trimmed_R2	259	3
ERR3004229	trimmed_R2	260	1
ERR3004229	trimmed_R2	261	1
ERR3004229	trimmed_R2	262	1
ERR3004229	trimmed_R2	263	6
ERR3004229	trimmed_R2	264	4
ERR3004229	trimmed_R2	265	3
ERR3004229	trimmed_R2	266	2
ERR3004229	trimmed_R2	268	2
ERR3004229	trimmed_R2	269	1
ERR3004229	trimmed_R2	270	1
ERR3004229	trimmed_R2	271	3
ERR3004229	trimmed_R2	272	2
ERR3004229	trimmed_R2	273	2
ERR3004229	trimmed_R2	274	1
ERR3004229	trimmed_R2	275	2
ERR3004229	trimmed_R2	276	7
ERR3004229	trimmed_R2	285	199941
ERR3004230	merged	274	1
ERR3004230	merged	275	1
ERR3004230	merged	279	9
ERR3004230	merged	284	3
ERR3004230	merged	287	2
ERR3004230	merged	288	12
ERR3004230	merged	289	18
ERR3004230	merged	291	6
ERR3004230	merged	292	4
ERR3004230	merged	293	3
ERR3004230	merged	296	5
ERR3004230	merged	297	4
ERR3004230	merged	298	36
ERR3004230	merged	299	17
ERR3004230	merged	300	35
ERR3004230	merged	301	9
ERR3004230	merged	302	6
ERR3004230	merged	303	8
ERR3004230	merged	304	8
ERR3004230	merged	307	70
ERR3004230	merged	308	19
ERR3004230	merged	309	7
ERR3004230	merged	310	2
ERR3004230	merged	311	26
ERR3004230	merged	312	7
ERR3004230	merged	313	13
ERR3004230	merged	314	42
ERR3004230	merged	315	23
ERR3004230	merged	316	12
ERR3004230	merged	317	8
ERR3004230	merged	318	15
ERR3004230	merged	319	7
ERR3004230	merged	320	1
ERR3004230	merged	321	6
ERR3004230	merged	322	5
ERR3004230	merged	323	5
ERR3004230	merged	324	9
ERR3004230	merged	325	1
ERR3004230	merged	326	2
ERR3004230	merged	327	34
ERR3004230	merged	328	17
ERR3004230	merged	329	39
ERR3004230	merged	330	7
ERR3004230	merged	331	29
ERR3004230	merged	332	5
ERR3004230	merged	333	8
ERR3004230	merged	334	33
ERR3004230	merged	335	12
ERR3004230	merged	336	29
ERR3004230	merged	337	28
ERR3004230	merged	338	20
ERR3004230	merged	339	7
ERR3004230	merged	340	56
ERR3004230	merged	341	12
ERR3004230	merged	342	117
ERR3004230	merged	343	7
ERR3004230	merged	344	3
ERR3004230	merged	345	174
ERR3004230	merged	346	22
ERR3004230	merged	347	8
ERR3004230	merged	348	50
ERR3004230	merged	349	101
ERR3004230	merged	350	9
ERR3004230	merged	351	137
ERR3004230	merged	352	7
ERR3004230	merged	353	18
ERR3004230	merged	354	822
ERR3004230	merged	355	50
ERR3004230	merged	356	77
ERR3004230	merged	357	1951
ERR3004230	merged	358	114
ERR3004230	merged	359	18
ERR3004230	merged	360	762
ERR3004230	merged	361	76
ERR3004230	merged	362	58
ERR3004230	merged	363	1197
ERR3004230	merged	364	229
ERR3004230	merged	365	199
ERR3004230	merged	366	7317
ERR3004230	merged	367	681
ERR3004230	merged	368	286
ERR3004230	merged	369	10664
ERR3004230	merged	370	938
ERR3004230	merged	371	268
ERR3004230	merged	372	9681
ERR3004230	merged	373	1239
ERR3004230	merged	374	161
ERR3004230	merged	375	14186
ERR3004230	merged	376	2456
ERR3004230	merged	377	391
ERR3004230	merged	378	13254
ERR3004230	merged	379	1820
ERR3004230	merged	380	416
ERR3004230	merged	381	19837
ERR3004230	merged	382	3422
ERR3004230	merged	383	220
ERR3004230	merged	384	13618
ERR3004230	merged	385	4882
ERR3004230	merged	386	420
ERR3004230	merged	387	18125
ERR3004230	merged	388	4805
ERR3004230	merged	389	184
ERR3004230	merged	390	7525
ERR3004230	merged	391	1972
ERR3004230	merged	392	226
ERR3004230	merged	393	11185
ERR3004230	merged	394	2153
ERR3004230	merged	395	180
ERR3004230	merged	396	5097
ERR3004230	merged	397	1448
ERR3004230	merged	398	315
ERR3004230	merged	399	3269
ERR3004230	merged	400	1163
ERR3004230	merged	401	246
ERR3004230	merged	402	5483
ERR3004230	merged	403	1311
ERR3004230	merged	404	437
ERR3004230	merged	405	2512
ERR3004230	merged	406	2526
ERR3004230	merged	407	432
ERR3004230	merged	408	1450
ERR3004230	merged	409	1781
ERR3004230	merged	410	223
ERR3004230	merged	411	964
ERR3004230	merged	412	1121
ERR3004230	merged	413	293
ERR3004230	merged	414	843
ERR3004230	merged	415	579
ERR3004230	merged	416	275
ERR3004230	merged	417	512
ERR3004230	merged	418	591
ERR3004230	merged	419	130
ERR3004230	merged	420	737
ERR3004230	merged	421	936
ERR3004230	merged	422	210
ERR3004230	merged	423	697
ERR3004230	merged	424	535
ERR3004230	merged	425	193
ERR3004230	merged	426	266
ERR3004230	merged	427	295
ERR3004230	merged	428	120
ERR3004230	merged	429	195
ERR3004230	merged	430	285
ERR3004230	merged	431	251
ERR3004230	merged	432	378
ERR3004230	merged	433	113
ERR3004230	merged	434	88
ERR3004230	merged	435	92
ERR3004230	merged	436	59
ERR3004230	merged	437	54
ERR3004230	merged	438	38
ERR3004230	merged	439	7
ERR3004230	merged	440	13
ERR3004230	merged	441	23
ERR3004230	merged	442	15
ERR3004230	merged	443	8
ERR3004230	merged	444	22
ERR3004230	merged	445	3
ERR3004230	merged	446	5
ERR3004230	merged	447	60
ERR3004230	merged	448	8
ERR3004230	merged	449	1
ERR3004230	merged	450	13
ERR3004230	merged	451	32
ERR3004230	merged	453	5
ERR3004230	merged	454	63
ERR3004230	merged	455	15
ERR3004230	merged	456	7
ERR3004230	merged	457	135
ERR3004230	merged	458	12
ERR3004230	merged	459	30
ERR3004230	merged	460	90
ERR3004230	merged	461	9
ERR3004230	merged	462	3
ERR3004230	merged	463	185
ERR3004230	merged	464	23
ERR3004230	merged	465	5
ERR3004230	merged	466	173
ERR3004230	merged	467	17
ERR3004230	merged	468	10
ERR3004230	merged	469	162
ERR3004230	merged	470	16
ERR3004230	merged	471	7
ERR3004230	merged	472	108
ERR3004230	merged	473	30
ERR3004230	merged	474	4
ERR3004230	merged	475	158
ERR3004230	merged	476	18
ERR3004230	merged	477	1
ERR3004230	merged	478	90
ERR3004230	merged	479	10
ERR3004230	merged	480	2
ERR3004230	merged	481	126
ERR3004230	merged	482	8
ERR3004230	merged	483	1
ERR3004230	merged	484	66
ERR3004230	merged	485	8
ERR3004230	merged	487	35
ERR3004230	merged	488	4
ERR3004230	merged	489	1
ERR3004230	merged	490	21
ERR3004230	merged	491	7
ERR3004230	merged	492	1
ERR3004230	merged	493	16
ERR3004230	merged	494	3
ERR3004230	merged	495	1
ERR3004230	merged	496	13
ERR3004230	merged	497	1
ERR3004230	merged	498	1
ERR3004230	merged	499	4
ERR3004230	merged	500	1
ERR3004230	merged	501	1
ERR3004230	merged	502	4
ERR3004230	merged	503	2
ERR3004230	merged	505	3
ERR3004230	merged	507	1
ERR3004230	merged	508	2
ERR3004230	merged	509	2
ERR3004230	merged	511	1
ERR3004230	merged	514	1
ERR3004230	merged	515	1
ERR3004230	merged	517	2
ERR3004230	overlap	25	1
ERR3004230	overlap	26	1
ERR3004230	overlap	27	2
ERR3004230	overlap	28	1
ERR3004230	overlap	29	1
ERR3004230	overlap	30	1
ERR3004230	overlap	32	2
ERR3004230	overlap	34	4
ERR3004230	overlap	36	2
ERR3004230	overlap	37	2
ERR3004230	overlap	38	4
ERR3004230	overlap	39	3
ERR3004230	overlap	40	3
ERR3004230	overlap	41	7
ERR3004230	overlap	42	5
ERR3004230	overlap	43	1
ERR3004230	overlap	44	5
ERR3004230	overlap	45	11
ERR3004230	overlap	46	8
ERR3004230	overlap	47	10
ERR3004230	overlap	48	14
ERR3004230	overlap	49	9
ERR3004230	overlap	50	11
ERR3004230	overlap	51	8
ERR3004230	overlap	52	15
ERR3004230	overlap	53	13
ERR3004230	overlap	54	25
ERR3004230	overlap	55	23
ERR3004230	overlap	56	12
ERR3004230	overlap	57	50
ERR3004230	overlap	58	44
ERR3004230	overlap	59	22
ERR3004230	overlap	60	36
ERR3004230	overlap	61	112
ERR3004230	overlap	62	18
ERR3004230	overlap	63	88
ERR3004230	overlap	64	61
ERR3004230	overlap	65	18
ERR3004230	overlap	66	61
ERR3004230	overlap	67	108
ERR3004230	overlap	68	28
ERR3004230	overlap	69	105
ERR3004230	overlap	70	86
ERR3004230	overlap	71	26
ERR3004230	overlap	72	54
ERR3004230	overlap	73	86
ERR3004230	overlap	74	22
ERR3004230	overlap	75	26
ERR3004230	overlap	76	95
ERR3004230	overlap	77	16
ERR3004230	overlap	78	47
ERR3004230	overlap	79	101
ERR3004230	overlap	80	11
ERR3004230	overlap	81	20
ERR3004230	overlap	82	35
ERR3004230	overlap	83	10
ERR3004230	overlap	84	10
ERR3004230	overlap	85	110
ERR3004230	overlap	86	20
ERR3004230	overlap	87	5
ERR3004230	overlap	88	47
ERR3004230	overlap	89	20
ERR3004230	overlap	90	5
ERR3004230	overlap	91	15
ERR3004230	overlap	92	22
ERR3004230	overlap	93	9
ERR3004230	overlap	94	3
ERR3004230	overlap	95	23
ERR3004230	overlap	96	42
ERR3004230	overlap	97	33
ERR3004230	overlap	98	92
ERR3004230	overlap	99	20
ERR3004230	overlap	100	64
ERR3004230	overlap	101	59
ERR3004230	overlap	102	51
ERR3004230	overlap	103	40
ERR3004230	overlap	104	99
ERR3004230	overlap	105	83
ERR3004230	overlap	106	151
ERR3004230	overlap	107	533
ERR3004230	overlap	108	194
ERR3004230	overlap	109	82
ERR3004230	overlap	110	325
ERR3004230	overlap	111	429
ERR3004230	overlap	112	133
ERR3004230	overlap	113	500
ERR3004230	overlap	114	309
ERR3004230	overlap	115	175
ERR3004230	overlap	116	816
ERR3004230	overlap	117	497
ERR3004230	overlap	118	126
ERR3004230	overlap	119	864
ERR3004230	overlap	120	1051
ERR3004230	overlap	121	219
ERR3004230	overlap	122	1450
ERR3004230	overlap	123	847
ERR3004230	overlap	124	525
ERR3004230	overlap	125	734
ERR3004230	overlap	126	1163
ERR3004230	overlap	127	884
ERR3004230	overlap	128	1213
ERR3004230	overlap	129	1908
ERR3004230	overlap	130	2778
ERR3004230	overlap	131	1648
ERR3004230	overlap	132	2316
ERR3004230	overlap	133	1000
ERR3004230	overlap	134	2517
ERR3004230	overlap	135	1863
ERR3004230	overlap	136	1214
ERR3004230	overlap	137	2295
ERR3004230	overlap	138	2837
ERR3004230	overlap	139	5089
ERR3004230	overlap	140	2519
ERR3004230	overlap	141	3565
ERR3004230	overlap	142	3625
ERR3004230	overlap	143	2260
ERR3004230	overlap	144	3262
ERR3004230	overlap	145	6061
ERR3004230	overlap	146	4076
ERR3004230	overlap	147	4465
ERR3004230	overlap	148	7805
ERR3004230	overlap	149	5510
ERR3004230	overlap	150	2134
ERR3004230	overlap	151	9609
ERR3004230	overlap	152	4351
ERR3004230	overlap	153	2209
ERR3004230	overlap	154	7809
ERR3004230	overlap	155	12259
ERR3004230	overlap	156	2599
ERR3004230	overlap	157	5974
ERR3004230	overlap	158	5024
ERR3004230	overlap	159	1719
ERR3004230	overlap	160	2965
ERR3004230	overlap	161	8418
ERR3004230	overlap	162	1831
ERR3004230	overlap	163	3730
ERR3004230	overlap	164	6008
ERR3004230	overlap	165	1526
ERR3004230	overlap	166	5228
ERR3004230	overlap	167	9257
ERR3004230	overlap	168	1174
ERR3004230	overlap	169	1184
ERR3004230	overlap	170	6330
ERR3004230	overlap	171	682
ERR3004230	overlap	172	710
ERR3004230	overlap	173	5696
ERR3004230	overlap	174	468
ERR3004230	overlap	175	1320
ERR3004230	overlap	176	1416
ERR3004230	overlap	177	308
ERR3004230	overlap	178	747
ERR3004230	overlap	179	328
ERR3004230	overlap	180	111
ERR3004230	overlap	181	145
ERR3004230	overlap	182	370
ERR3004230	overlap	183	83
ERR3004230	overlap	184	68
ERR3004230	overlap	185	417
ERR3004230	overlap	186	68
ERR3004230	overlap	187	194
ERR3004230	overlap	188	34
ERR3004230	overlap	189	32
ERR3004230	overlap	190	55
ERR3004230	overlap	191	43
ERR3004230	overlap	192	23
ERR3004230	overlap	193	15
ERR3004230	overlap	194	43
ERR3004230	overlap	195	18
ERR3004230	overlap	196	9
ERR3004230	overlap	197	8
ERR3004230	overlap	198	7
ERR3004230	overlap	199	12
ERR3004230	overlap	200	55
ERR3004230	overlap	201	15
ERR3004230	overlap	202	11
ERR3004230	overlap	203	5
ERR3004230	overlap	204	31
ERR3004230	overlap	205	23
ERR3004230	overlap	206	46
ERR3004230	overlap	207	8
ERR3004230	overlap	208	18
ERR3004230	overlap	209	24
ERR3004230	overlap	210	9
ERR3004230	overlap	211	29
ERR3004230	overlap	212	11
ERR3004230	overlap	213	17
ERR3004230	overlap	214	16
ERR3004230	overlap	215	43
ERR3004230	overlap	216	10
ERR3004230	overlap	217	18
ERR3004230	overlap	218	21
ERR3004230	overlap	219	22
ERR3004230	overlap	220	11
ERR3004230	overlap	221	12
ERR3004230	overlap	222	6
ERR3004230	overlap	223	5
ERR3004230	overlap	224	10
ERR3004230	overlap	225	24
ERR3004230	overlap	226	4
ERR3004230	overlap	227	3
ERR3004230	overlap	228	46
ERR3004230	overlap	229	4
ERR3004230	overlap	230	3
ERR3004230	overlap	231	26
ERR3004230	overlap	232	8
ERR3004230	overlap	233	7
ERR3004230	overlap	234	18
ERR3004230	overlap	235	5
ERR3004230	overlap	236	10
ERR3004230	overlap	237	3
ERR3004230	overlap	239	38
ERR3004230	overlap	241	5
ERR3004230	overlap	242	2
ERR3004230	overlap	243	16
ERR3004230	overlap	244	108
ERR3004230	overlap	245	2
ERR3004230	post_filter	342	23
ERR3004230	post_filter	345	195
ERR3004230	post_filter	346	13
ERR3004230	post_filter	348	8
ERR3004230	post_filter	349	114
ERR3004230	post_filter	350	8
ERR3004230	post_filter	351	152
ERR3004230	post_filter	352	2
ERR3004230	post_filter	354	929
ERR3004230	post_filter	355	44
ERR3004230	post_filter	356	1
ERR3004230	post_filter	357	2091
ERR3004230	post_filter	358	56
ERR3004230	post_filter	360	784
ERR3004230	post_filter	361	47
ERR3004230	post_filter	362	11
ERR3004230	post_filter	363	1074
ERR3004230	post_filter	364	208
ERR3004230	post_filter	365	11
ERR3004230	post_filter	366	7329
ERR3004230	post_filter	367	591
ERR3004230	post_filter	368	32
ERR3004230	post_filter	369	11000
ERR3004230	post_filter	370	991
ERR3004230	post_filter	371	61
ERR3004230	post_filter	372	10124
ERR3004230	post_filter	373	1275
ERR3004230	post_filter	374	44
ERR3004230	post_filter	375	14777
ERR3004230	post_filter	376	2458
ERR3004230	post_filter	377	254
ERR3004230	post_filter	378	14421
ERR3004230	post_filter	379	1719
ERR3004230	post_filter	380	65
ERR3004230	post_filter	381	19731
ERR3004230	post_filter	382	3727
ERR3004230	post_filter	383	74
ERR3004230	post_filter	384	12202
ERR3004230	post_filter	385	2838
ERR3004230	post_filter	386	125
ERR3004230	post_filter	387	20043
ERR3004230	post_filter	388	4173
ERR3004230	post_filter	389	39
ERR3004230	post_filter	390	8276
ERR3004230	post_filter	391	1907
ERR3004230	post_filter	392	113
ERR3004230	post_filter	393	12387
ERR3004230	post_filter	394	2118
ERR3004230	post_filter	395	102
ERR3004230	post_filter	396	5688
ERR3004230	post_filter	397	1384
ERR3004230	post_filter	398	253
ERR3004230	post_filter	399	3170
ERR3004230	post_filter	400	1108
ERR3004230	post_filter	401	176
ERR3004230	post_filter	402	5909
ERR3004230	post_filter	403	1414
ERR3004230	post_filter	404	398
ERR3004230	post_filter	405	2359
ERR3004230	post_filter	406	2595
ERR3004230	post_filter	407	174
ERR3004230	post_filter	408	1534
ERR3004230	post_filter	409	1783
ERR3004230	post_filter	410	203
ERR3004230	post_filter	411	1054
ERR3004230	post_filter	412	872
ERR3004230	post_filter	413	233
ERR3004230	post_filter	414	928
ERR3004230	post_filter	415	651
ERR3004230	post_filter	416	263
ERR3004230	post_filter	417	497
ERR3004230	post_filter	418	607
ERR3004230	post_filter	419	133
ERR3004230	post_filter	420	761
ERR3004230	post_filter	421	1063
ERR3004230	post_filter	422	195
ERR3004230	post_filter	423	749
ERR3004230	post_filter	424	518
ERR3004230	post_filter	425	97
ERR3004230	post_filter	426	282
ERR3004230	post_filter	427	327
ERR3004230	post_filter	428	119
ERR3004230	post_filter	429	213
ERR3004230	post_filter	430	324
ERR3004230	post_filter	431	262
ERR3004230	post_filter	432	419
ERR3004230	post_filter	433	127
ERR3004230	post_filter	434	62
ERR3004230	post_filter	435	111
ERR3004230	post_filter	436	59
ERR3004230	post_filter	437	49
ERR3004230	post_filter	438	41
ERR3004230	post_filter	439	6
ERR3004230	post_filter	440	14
ERR3004230	post_filter	441	22
ERR3004230	post_filter	442	16
ERR3004230	post_filter	443	7
ERR3004230	post_filter	444	29
ERR3004230	post_filter	445	3
ERR3004230	post_filter	446	4
ERR3004230	post_filter	447	39
ERR3004230	post_filter	448	7
ERR3004230	post_filter	449	1
ERR3004230	post_filter	450	13
ERR3004230	post_filter	451	37
ERR3004230	post_filter	452	2
ERR3004230	post_filter	453	4
ERR3004230	post_filter	454	74
ERR3004230	post_filter	455	16
ERR3004230	post_filter	456	7
ERR3004230	post_filter	457	150
ERR3004230	post_filter	458	7
ERR3004230	post_filter	460	98
ERR3004230	post_filter	461	10
ERR3004230	post_filter	462	3
ERR3004230	post_filter	463	222
ERR3004230	post_filter	464	25
ERR3004230	post_filter	465	2
ERR3004230	post_filter	466	154
ERR3004230	post_filter	467	11
ERR3004230	post_filter	468	9
ERR3004230	post_filter	469	191
ERR3004230	post_filter	470	22
ERR3004230	post_filter	471	7
ERR3004230	post_filter	472	128
ERR3004230	post_filter	473	26
ERR3004230	post_filter	474	3
ERR3004230	post_filter	475	173
ERR3004230	post_filter	476	25
ERR3004230	post_filter	477	2
ERR3004230	post_filter	478	102
ERR3004230	post_filter	479	10
ERR3004230	post_filter	480	1
ERR3004230	post_filter	481	144
ERR3004230	post_filter	482	11
ERR3004230	post_filter	483	1
ERR3004230	post_filter	484	78
ERR3004230	post_filter	485	8
ERR3004230	post_filter	487	43
ERR3004230	post_filter	488	5
ERR3004230	post_filter	490	23
ERR3004230	post_filter	491	6
ERR3004230	post_filter	493	20
ERR3004230	post_filter	494	3
ERR3004230	post_filter	495	1
ERR3004230	post_filter	496	16
ERR3004230	post_filter	497	1
ERR3004230	post_filter	499	7
ERR3004230	post_filter	500	2
ERR3004230	post_filter	501	1
ERR3004230	post_filter	502	4
ERR3004230	post_filter	503	2
ERR3004230	post_filter	505	2
ERR3004230	post_filter	508	1
ERR3004230	post_filter	509	2
ERR3004230	post_filter	511	1
ERR3004230	post_filter	513	1
ERR3004230	post_filter	514	1
ERR3004230	post_filter	515	1
ERR3004230	post_filter	517	2
ERR3004230	pr_trimmed_R1	242	1
ERR3004230	pr_trimmed_R1	246	1
ERR3004230	pr_trimmed_R1	251	1
ERR3004230	pr_trimmed_R1	253	63
ERR3004230	pr_trimmed_R1	254	2
ERR3004230	pr_trimmed_R1	255	26
ERR3004230	pr_trimmed_R1	256	859
ERR3004230	pr_trimmed_R1	257	37
ERR3004230	pr_trimmed_R1	258	1
ERR3004230	pr_trimmed_R1	259	2
ERR3004230	pr_trimmed_R1	260	394
ERR3004230	pr_trimmed_R1	261	27
ERR3004230	pr_trimmed_R1	262	78
ERR3004230	pr_trimmed_R1	263	10
ERR3004230	pr_trimmed_R1	265	1
ERR3004230	pr_trimmed_R1	266	6
ERR3004230	pr_trimmed_R1	267	2
ERR3004230	pr_trimmed_R1	268	11
ERR3004230	pr_trimmed_R1	269	3266
ERR3004230	pr_trimmed_R1	270	121
ERR3004230	pr_trimmed_R1	271	4664
ERR3004230	pr_trimmed_R1	272	173
ERR3004230	pr_trimmed_R1	273	16
ERR3004230	pr_trimmed_R1	274	322
ERR3004230	pr_trimmed_R1	275	189
ERR3004230	pr_trimmed_R1	276	5
ERR3004230	pr_trimmed_R1	277	42
ERR3004230	pr_trimmed_R1	278	4518
ERR3004230	pr_trimmed_R1	279	197
ERR3004230	pr_trimmed_R1	280	21
ERR3004230	pr_trimmed_R1	281	37
ERR3004230	pr_trimmed_R1	282	13
ERR3004230	pr_trimmed_R1	283	14
ERR3004230	pr_trimmed_R1	284	1192
ERR3004230	pr_trimmed_R1	285	19
ERR3004230	pr_trimmed_R1	286	7
ERR3004230	pr_trimmed_R1	287	314
ERR3004230	pr_trimmed_R1	288	65196
ERR3004230	pr_trimmed_R1	289	3547
ERR3004230	pr_trimmed_R1	290	206
ERR3004230	pr_trimmed_R1	291	141
ERR3004230	pr_trimmed_R1	292	5151
ERR3004230	pr_trimmed_R1	293	172
ERR3004230	pr_trimmed_R1	294	60
ERR3004230	pr_trimmed_R1	295	1763
ERR3004230	pr_trimmed_R1	296	1630
ERR3004230	pr_trimmed_R1	297	4250
ERR3004230	pr_trimmed_R1	298	68849
ERR3004230	pr_trimmed_R1	299	25167
ERR3004230	pr_trimmed_R1	300	4554
ERR3004230	pr_trimmed_R1	301	261
ERR3004230	pr_trimmed_R1	302	2260
ERR3004230	pr_trimmed_R1	303	125
ERR3004230	pr_trimmed_R1	304	15
ERR3004230	pr_trimmed_R1	306	1
ERR3004230	pr_trimmed_R2	206	1
ERR3004230	pr_trimmed_R2	218	1
ERR3004230	pr_trimmed_R2	224	1
ERR3004230	pr_trimmed_R2	226	2
ERR3004230	pr_trimmed_R2	227	1
ERR3004230	pr_trimmed_R2	228	2
ERR3004230	pr_trimmed_R2	232	2
ERR3004230	pr_trimmed_R2	234	3
ERR3004230	pr_trimmed_R2	235	3
ERR3004230	pr_trimmed_R2	236	8
ERR3004230	pr_trimmed_R2	237	3
ERR3004230	pr_trimmed_R2	238	4
ERR3004230	pr_trimmed_R2	239	2
ERR3004230	pr_trimmed_R2	240	2
ERR3004230	pr_trimmed_R2	241	6
ERR3004230	pr_trimmed_R2	242	30
ERR3004230	pr_trimmed_R2	243	1246
ERR3004230	pr_trimmed_R2	244	194517
ERR3004230	pr_trimmed_R2	245	3498
ERR3004230	pr_trimmed_R2	246	313
ERR3004230	pr_trimmed_R2	247	95
ERR3004230	pr_trimmed_R2	248	60
ERR3004230	pr_trimmed_R2	249	46
ERR3004230	pr_trimmed_R2	250	29
ERR3004230	pr_trimmed_R2	251	28
ERR3004230	pr_trimmed_R2	252	25
ERR3004230	pr_trimmed_R2	253	19
ERR3004230	pr_trimmed_R2	254	14
ERR3004230	pr_trimmed_R2	255	5
ERR3004230	pr_trimmed_R2	256	12
ERR3004230	pr_trimmed_R2	257	5
ERR3004230	pr_trimmed_R2	258	1
ERR3004230	pr_trimmed_R2	259	2
ERR3004230	pr_trimmed_R2	260	3
ERR3004230	pr_trimmed_R2	261	10
ERR3004230	pr_trimmed_R2	264	1
ERR3004230	raw_R1	325	200000
ERR3004230	raw_R2	285	200000
ERR3004230	trimmed_R1	269	1
ERR3004230	trimmed_R1	273	1
ERR3004230	trimmed_R1	279	1
ERR3004230	trimmed_R1	280	61
ERR3004230	trimmed_R1	285	1
ERR3004230	trimmed_R1	286	1
ERR3004230	trimmed_R1	287	1
ERR3004230	trimmed_R1	290	5
ERR3004230	trimmed_R1	292	1
ERR3004230	trimmed_R1	295	1
ERR3004230	trimmed_R1	297	1
ERR3004230	trimmed_R1	299	1
ERR3004230	trimmed_R1	303	4
ERR3004230	trimmed_R1	304	4
ERR3004230	trimmed_R1	305	4
ERR3004230	trimmed_R1	306	1
ERR3004230	trimmed_R1	307	2
ERR3004230	trimmed_R1	309	1
ERR3004230	trimmed_R1	310	2
ERR3004230	trimmed_R1	311	2
ERR3004230	trimmed_R1	312	2
ERR3004230	trimmed_R1	313	5
ERR3004230	trimmed_R1	314	3
ERR3004230	trimmed_R1	315	13
ERR3004230	trimmed_R1	316	9
ERR3004230	trimmed_R1	325	199872
ERR3004230	trimmed_R2	250	3
ERR3004230	trimmed_R2	251	2
ERR3004230	trimmed_R2	252	1
ERR3004230	trimmed_R2	253	1
ERR3004230	trimmed_R2	254	4
ERR3004230	trimmed_R2	255	2
ERR3004230	trimmed_R2	256	2
ERR3004230	trimmed_R2	257	3
ERR3004230	trimmed_R2	258	2
ERR3004230	trimmed_R2	259	3
ERR3004230	trimmed_R2	261	2
ERR3004230	trimmed_R2	262	2
ERR3004230	trimmed_R2	263	4
ERR3004230	trimmed_R2	264	1
ERR3004230	trimmed_R2	265	1
ERR3004230	trimmed_R2	266	2
ERR3004230	trimmed_R2	267	1
ERR3004230	trimmed_R2	268	1
ERR3004230	trimmed_R2	271	1
ERR3004230	trimmed_R2	273	1
ERR3004230	trimmed_R2	274	1
ERR3004230	trimmed_R2	275	3
ERR3004230	trimmed_R2	276	2
ERR3004230	trimmed_R2	285	199955
ERR3004231	merged	275	1
ERR3004231	merged	278	1
ERR3004231	merged	279	1
ERR3004231	merged	286	1
ERR3004231	merged	287	2
ERR3004231	merged	290	2
ERR3004231	merged	291	1
ERR3004231	merged	292	1
ERR3004231	merged	294	1
ERR3004231	merged	295	1
ERR3004231	merged	296	18
ERR3004231	merged	297	15
ERR3004231	merged	298	5
ERR3004231	merged	299	3
ERR3004231	merged	300	20
ERR3004231	merged	301	2
ERR3004231	merged	302	7
ERR3004231	merged	303	6
ERR3004231	merged	304	2
ERR3004231	merged	305	1
ERR3004231	merged	306	1
ERR3004231	merged	307	5
ERR3004231	merged	309	2
ERR3004231	merged	310	1
ERR3004231	merged	312	3
ERR3004231	merged	313	2
ERR3004231	merged	314	1
ERR3004231	merged	315	3
ERR3004231	merged	317	4
ERR3004231	merged	318	1
ERR3004231	merged	319	2
ERR3004231	merged	320	2
ERR3004231	merged	321	12
ERR3004231	merged	322	2
ERR3004231	merged	323	3
ERR3004231	merged	325	22
ERR3004231	merged	326	2
ERR3004231	merged	327	1
ERR3004231	merged	328	2
ERR3004231	merged	329	8
ERR3004231	merged	330	4
ERR3004231	merged	331	6
ERR3004231	merged	332	4
ERR3004231	merged	333	2
ERR3004231	merged	334	14
ERR3004231	merged	335	1
ERR3004231	merged	336	2
ERR3004231	merged	337	8
ERR3004231	merged	338	7
ERR3004231	merged	339	3
ERR3004231	merged	340	3
ERR3004231	merged	341	12
ERR3004231	merged	342	11
ERR3004231	merged	343	8
ERR3004231	merged	344	11
ERR3004231	merged	345	14
ERR3004231	merged	346	112
ERR3004231	merged	347	22
ERR3004231	merged	348	10
ERR3004231	merged	349	25
ERR3004231	merged	350	21
ERR3004231	merged	351	11
ERR3004231	merged	352	20
ERR3004231	merged	353	19
ERR3004231	merged	354	8
ERR3004231	merged	355	15
ERR3004231	merged	356	5
ERR3004231	merged	357	13
ERR3004231	merged	358	15
ERR3004231	merged	359	20
ERR3004231	merged	360	40
ERR3004231	merged	361	19
ERR3004231	merged	362	25
ERR3004231	merged	363	59
ERR3004231	merged	364	46
ERR3004231	merged	365	27
ERR3004231	merged	366	23
ERR3004231	merged	367	106
ERR3004231	merged	368	19
ERR3004231	merged	369	21
ERR3004231	merged	370	90
ERR3004231	merged	371	124
ERR3004231	merged	372	35
ERR3004231	merged	373	91
ERR3004231	merged	374	26
ERR3004231	merged	375	32
ERR3004231	merged	376	103
ERR3004231	merged	377	39
ERR3004231	merged	378	12
ERR3004231	merged	379	50
ERR3004231	merged	380	21
ERR3004231	merged	381	45
ERR3004231	merged	382	48
ERR3004231	merged	383	49
ERR3004231	merged	384	108
ERR3004231	merged	385	51
ERR3004231	merged	386	71
ERR3004231	merged	387	71
ERR3004231	merged	388	176
ERR3004231	merged	389	98
ERR3004231	merged	390	70
ERR3004231	merged	391	393
ERR3004231	merged	392	245
ERR3004231	merged	393	109
ERR3004231	merged	394	203
ERR3004231	merged	395	243
ERR3004231	merged	396	269
ERR3004231	merged	397	441
ERR3004231	merged	398	370
ERR3004231	merged	399	356
ERR3004231	merged	400	5762
ERR3004231	merged	401	1710
ERR3004231	merged	402	1193
ERR3004231	merged	403	44313
ERR3004231	merged	404	8532
ERR3004231	merged	405	1200
ERR3004231	merged	406	9694
ERR3004231	merged	407	6138
ERR3004231	merged	408	700
ERR3004231	merged	409	2944
ERR3004231	merged	410	1357
ERR3004231	merged	411	240
ERR3004231	merged	412	2219
ERR3004231	merged	413	417
ERR3004231	merged	414	297
ERR3004231	merged	415	562
ERR3004231	merged	416	428
ERR3004231	merged	417	1489
ERR3004231	merged	418	2809
ERR3004231	merged	419	1374
ERR3004231	merged	420	13139
ERR3004231	merged	421	10996
ERR3004231	merged	422	7476
ERR3004231	merged	423	2885
ERR3004231	merged	424	16408
ERR3004231	merged	425	2054
ERR3004231	merged	426	1289
ERR3004231	merged	427	12946
ERR3004231	merged	428	1027
ERR3004231	merged	429	793
ERR3004231	merged	430	14185
ERR3004231	merged	431	705
ERR3004231	merged	432	1098
ERR3004231	merged	433	2923
ERR3004231	merged	434	344
ERR3004231	merged	435	5700
ERR3004231	merged	436	1257
ERR3004231	merged	437	238
ERR3004231	merged	438	2529
ERR3004231	merged	439	503
ERR3004231	merged	440	92
ERR3004231	merged	441	391
ERR3004231	merged	442	272
ERR3004231	merged	443	74
ERR3004231	merged	444	230
ERR3004231	merged	445	1358
ERR3004231	merged	446	62
ERR3004231	merged	447	50
ERR3004231	merged	448	279
ERR3004231	merged	449	38
ERR3004231	merged	450	19
ERR3004231	merged	451	55
ERR3004231	merged	452	12
ERR3004231	merged	453	10
ERR3004231	merged	454	40
ERR3004231	merged	455	8
ERR3004231	merged	456	3
ERR3004231	merged	457	6
ERR3004231	merged	458	4
ERR3004231	merged	459	2
ERR3004231	merged	460	5
ERR3004231	merged	462	6
ERR3004231	merged	463	4
ERR3004231	merged	464	9
ERR3004231	merged	465	1
ERR3004231	merged	466	4
ERR3004231	merged	467	3
ERR3004231	merged	468	4
ERR3004231	merged	469	7
ERR3004231	merged	470	13
ERR3004231	merged	471	2
ERR3004231	merged	472	2
ERR3004231	merged	473	2
ERR3004231	merged	475	2
ERR3004231	merged	476	5
ERR3004231	merged	477	3
ERR3004231	merged	478	6
ERR3004231	merged	479	2
ERR3004231	merged	480	2
ERR3004231	merged	481	3
ERR3004231	merged	482	3
ERR3004231	merged	483	1
ERR3004231	merged	487	1
ERR3004231	merged	489	1
ERR3004231	merged	492	1
ERR3004231	merged	493	1
ERR3004231	merged	495	4
ERR3004231	merged	496	1
ERR3004231	merged	499	1
ERR3004231	merged	512	1
ERR3004231	merged	519	1
ERR3004231	merged	521	1
ERR3004231	overlap	8	1
ERR3004231	overlap	12	1
ERR3004231	overlap	18	1
ERR3004231	overlap	22	1
ERR3004231	overlap	29	1
ERR3004231	overlap	32	1
ERR3004231	overlap	33	1
ERR3004231	overlap	35	1
ERR3004231	overlap	36	1
ERR3004231	overlap	37	1
ERR3004231	overlap	38	1
ERR3004231	overlap	40	2
ERR3004231	overlap	41	1
ERR3004231	overlap	43	2
ERR3004231	overlap	44	1
ERR3004231	overlap	45	2
ERR3004231	overlap	46	3
ERR3004231	overlap	48	4
ERR3004231	overlap	49	3
ERR3004231	overlap	50	1
ERR3004231	overlap	51	5
ERR3004231	overlap	52	7
ERR3004231	overlap	53	2
ERR3004231	overlap	54	6
ERR3004231	overlap	55	5
ERR3004231	overlap	56	6
ERR3004231	overlap	57	3
ERR3004231	overlap	58	1
ERR3004231	overlap	59	3
ERR3004231	overlap	60	4
ERR3004231	overlap	61	5
ERR3004231	overlap	62	4
ERR3004231	overlap	63	4
ERR3004231	overlap	64	8
ERR3004231	overlap	65	2
ERR3004231	overlap	66	4
ERR3004231	overlap	67	4
ERR3004231	overlap	68	3
ERR3004231	overlap	69	5
ERR3004231	overlap	70	5
ERR3004231	overlap	71	8
ERR3004231	overlap	72	11
ERR3004231	overlap	73	16
ERR3004231	overlap	74	20
ERR3004231	overlap	75	24
ERR3004231	overlap	76	53
ERR3004231	overlap	77	42
ERR3004231	overlap	78	62
ERR3004231	overlap	79	159
ERR3004231	overlap	80	214
ERR3004231	overlap	81	205
ERR3004231	overlap	82	766
ERR3004231	overlap	83	686
ERR3004231	overlap	84	632
ERR3004231	overlap	85	1618
ERR3004231	overlap	86	884
ERR3004231	overlap	87	750
ERR3004231	overlap	88	2349
ERR3004231	overlap	89	1648
ERR3004231	overlap	90	1127
ERR3004231	overlap	91	2476
ERR3004231	overlap	92	693
ERR3004231	overlap	93	658
ERR3004231	overlap	94	2200
ERR3004231	overlap	95	1859
ERR3004231	overlap	96	1913
ERR3004231	overlap	97	7400
ERR3004231	overlap	98	6337
ERR3004231	overlap	99	5642
ERR3004231	overlap	100	12734
ERR3004231	overlap	101	5798
ERR3004231	overlap	102	6007
ERR3004231	overlap	103	11674
ERR3004231	overlap	104	6513
ERR3004231	overlap	105	6578
ERR3004231	overlap	106	10037
ERR3004231	overlap	107	2609
ERR3004231	overlap	108	3538
ERR3004231	overlap	109	1877
ERR3004231	overlap	110	657
ERR3004231	overlap	111	749
ERR3004231	overlap	112	1109
ERR3004231	overlap	113	983
ERR3004231	overlap	114	853
ERR3004231	overlap	115	1359
ERR3004231	overlap	116	387
ERR3004231	overlap	117	752
ERR3004231	overlap	118	818
ERR3004231	overlap	119	493
ERR3004231	overlap	120	2221
ERR3004231	overlap	121	2018
ERR3004231	overlap	122	1368
ERR3004231	overlap	123	5008
ERR3004231	overlap	124	3465
ERR3004231	overlap	125	2683
ERR3004231	overlap	126	14900
ERR3004231	overlap	127	13396
ERR3004231	overlap	128	8535
ERR3004231	overlap	129	18954
ERR3004231	overlap	130	2745
ERR3004231	overlap	131	1627
ERR3004231	overlap	132	2433
ERR3004231	overlap	133	392
ERR3004231	overlap	134	341
ERR3004231	overlap	135	348
ERR3004231	overlap	136	204
ERR3004231	overlap	137	172
ERR3004231	overlap	138	190
ERR3004231	overlap	139	201
ERR3004231	overlap	140	153
ERR3004231	overlap	141	253
ERR3004231	overlap	142	137
ERR3004231	overlap	143	118
ERR3004231	overlap	144	114
ERR3004231	overlap	145	63
ERR3004231	overlap	146	67
ERR3004231	overlap	147	51
ERR3004231	overlap	148	58
ERR3004231	overlap	149	51
ERR3004231	overlap	150	46
ERR3004231	overlap	151	63
ERR3004231	overlap	152	40
ERR3004231	overlap	153	40
ERR3004231	overlap	154	69
ERR3004231	overlap	155	68
ERR3004231	overlap	156	79
ERR3004231	overlap	157	96
ERR3004231	overlap	158	69
ERR3004231	overlap	159	77
ERR3004231	overlap	160	62
ERR3004231	overlap	161	56
ERR3004231	overlap	162	40
ERR3004231	overlap	163	39
ERR3004231	overlap	164	23
ERR3004231	overlap	165	18
ERR3004231	overlap	166	31
ERR3004231	overlap	167	15
ERR3004231	overlap	168	17
ERR3004231	overlap	169	12
ERR3004231	overlap	170	13
ERR3004231	overlap	171	22
ERR3004231	overlap	172	20
ERR3004231	overlap	173	21
ERR3004231	overlap	174	11
ERR3004231	overlap	175	12
ERR3004231	overlap	176	4
ERR3004231	overlap	177	20
ERR3004231	overlap	178	17
ERR3004231	overlap	179	17
ERR3004231	overlap	180	17
ERR3004231	overlap	181	16
ERR3004231	overlap	182	11
ERR3004231	overlap	183	35
ERR3004231	overlap	184	39
ERR3004231	overlap	185	34
ERR3004231	overlap	186	35
ERR3004231	overlap	187	8
ERR3004231	overlap	188	7
ERR3004231	overlap	189	11
ERR3004231	overlap	190	3
ERR3004231	overlap	191	4
ERR3004231	overlap	192	4
ERR3004231	overlap	193	2
ERR3004231	overlap	194	3
ERR3004231	overlap	195	4
ERR3004231	overlap	196	6
ERR3004231	overlap	197	6
ERR3004231	overlap	198	6
ERR3004231	overlap	199	7
ERR3004231	overlap	200	7
ERR3004231	overlap	201	9
ERR3004231	overlap	202	13
ERR3004231	overlap	203	2
ERR3004231	overlap	204	6
ERR3004231	overlap	205	2
ERR3004231	overlap	206	2
ERR3004231	overlap	208	7
ERR3004231	overlap	210	1
ERR3004231	overlap	211	3
ERR3004231	overlap	212	1
ERR3004231	overlap	213	3
ERR3004231	overlap	215	1
ERR3004231	overlap	216	3
ERR3004231	overlap	217	1
ERR3004231	overlap	218	3
ERR3004231	overlap	219	2
ERR3004231	overlap	220	2
ERR3004231	overlap	221	2
ERR3004231	overlap	223	3
ERR3004231	overlap	224	3
ERR3004231	overlap	225	2
ERR3004231	overlap	226	3
ERR3004231	overlap	227	21
ERR3004231	overlap	228	20
ERR3004231	overlap	229	15
ERR3004231	overlap	230	22
ERR3004231	post_filter	353	1
ERR3004231	post_filter	360	1
ERR3004231	post_filter	374	5
ERR3004231	post_filter	382	5
ERR3004231	post_filter	383	14
ERR3004231	post_filter	384	1
ERR3004231	post_filter	385	5
ERR3004231	post_filter	386	10
ERR3004231	post_filter	388	32
ERR3004231	post_filter	389	23
ERR3004231	post_filter	391	421
ERR3004231	post_filter	392	158
ERR3004231	post_filter	393	13
ERR3004231	post_filter	394	178
ERR3004231	post_filter	395	99
ERR3004231	post_filter	396	45
ERR3004231	post_filter	397	365
ERR3004231	post_filter	398	206
ERR3004231	post_filter	399	20
ERR3004231	post_filter	400	6529
ERR3004231	post_filter	401	1207
ERR3004231	post_filter	402	58
ERR3004231	post_filter	403	48846
ERR3004231	post_filter	404	8940
ERR3004231	post_filter	405	56
ERR3004231	post_filter	406	10254
ERR3004231	post_filter	407	6455
ERR3004231	post_filter	408	425
ERR3004231	post_filter	409	2813
ERR3004231	post_filter	410	1398
ERR3004231	post_filter	411	100
ERR3004231	post_filter	412	1976
ERR3004231	post_filter	413	296
ERR3004231	post_filter	414	152
ERR3004231	post_filter	415	424
ERR3004231	post_filter	416	224
ERR3004231	post_filter	417	1464
ERR3004231	post_filter	418	2607
ERR3004231	post_filter	419	974
ERR3004231	post_filter	420	13992
ERR3004231	post_filter	421	11360
ERR3004231	post_filter	422	7455
ERR3004231	post_filter	423	2531
ERR3004231	post_filter	424	17782
ERR3004231	post_filter	425	1810
ERR3004231	post_filter	426	890
ERR3004231	post_filter	427	13813
ERR3004231	post_filter	428	517
ERR3004231	post_filter	429	239
ERR3004231	post_filter	430	15324
ERR3004231	post_filter	431	373
ERR3004231	post_filter	432	827
ERR3004231	post_filter	433	3023
ERR3004231	post_filter	434	102
ERR3004231	post_filter	435	6102
ERR3004231	post_filter	436	1152
ERR3004231	post_filter	437	37
ERR3004231	post_filter	438	2779
ERR3004231	post_filter	439	345
ERR3004231	post_filter	440	14
ERR3004231	post_filter	441	374
ERR3004231	post_filter	442	243
ERR3004231	post_filter	443	16
ERR3004231	post_filter	444	218
ERR3004231	post_filter	445	1442
ERR3004231	post_filter	446	12
ERR3004231	post_filter	447	22
ERR3004231	post_filter	448	301
ERR3004231	post_filter	449	4
ERR3004231	post_filter	450	9
ERR3004231	post_filter	451	38
ERR3004231	post_filter	452	1
ERR3004231	post_filter	453	5
ERR3004231	post_filter	454	27
ERR3004231	post_filter	455	3
ERR3004231	post_filter	456	1
ERR3004231	post_filter	460	3
ERR3004231	post_filter	463	2
ERR3004231	post_filter	464	2
ERR3004231	post_filter	465	1
ERR3004231	post_filter	466	2
ERR3004231	post_filter	468	2
ERR3004231	post_filter	469	1
ERR3004231	post_filter	473	1
ERR3004231	post_filter	478	1
ERR3004231	post_filter	481	1
ERR3004231	post_filter	521	1
ERR3004231	pr_trimmed_R1	218	1
ERR3004231	pr_trimmed_R1	225	2
ERR3004231	pr_trimmed_R1	226	1
ERR3004231	pr_trimmed_R1	229	1
ERR3004231	pr_trimmed_R1	236	1
ERR3004231	pr_trimmed_R1	237	3
ERR3004231	pr_trimmed_R1	242	1
ERR3004231	pr_trimmed_R1	248	1
ERR3004231	pr_trimmed_R1	255	1
ERR3004231	pr_trimmed_R1	256	1
ERR3004231	pr_trimmed_R1	257	1
ERR3004231	pr_trimmed_R1	260	1
ERR3004231	pr_trimmed_R1	262	1
ERR3004231	pr_trimmed_R1	263	1
ERR3004231	pr_trimmed_R1	268	1
ERR3004231	pr_trimmed_R1	270	1
ERR3004231	pr_trimmed_R1	271	5
ERR3004231	pr_trimmed_R1	272	4
ERR3004231	pr_trimmed_R1	273	92
ERR3004231	pr_trimmed_R1	274	152
ERR3004231	pr_trimmed_R1	275	590
ERR3004231	pr_trimmed_R1	276	18
ERR3004231	pr_trimmed_R1	277	19
ERR3004231	pr_trimmed_R1	278	29
ERR3004231	pr_trimmed_R1	279	488
ERR3004231	pr_trimmed_R1	280	117
ERR3004231	pr_trimmed_R1	281	51
ERR3004231	pr_trimmed_R1	282	268
ERR3004231	pr_trimmed_R1	283	173
ERR3004231	pr_trimmed_R1	284	224
ERR3004231	pr_trimmed_R1	285	21
ERR3004231	pr_trimmed_R1	286	5
ERR3004231	pr_trimmed_R1	287	18
ERR3004231	pr_trimmed_R1	288	2428
ERR3004231	pr_trimmed_R1	289	313
ERR3004231	pr_trimmed_R1	290	3019
ERR3004231	pr_trimmed_R1	291	52
ERR3004231	pr_trimmed_R1	292	48
ERR3004231	pr_trimmed_R1	293	65
ERR3004231	pr_trimmed_R1	294	24
ERR3004231	pr_trimmed_R1	295	392
ERR3004231	pr_trimmed_R1	296	34285
ERR3004231	pr_trimmed_R1	297	39522
ERR3004231	pr_trimmed_R1	298	751
ERR3004231	pr_trimmed_R1	299	3148
ERR3004231	pr_trimmed_R1	300	35575
ERR3004231	pr_trimmed_R1	301	742
ERR3004231	pr_trimmed_R1	302	63592
ERR3004231	pr_trimmed_R1	303	13611
ERR3004231	pr_trimmed_R1	304	134
ERR3004231	pr_trimmed_R1	305	5
ERR3004231	pr_trimmed_R1	306	1
ERR3004231	pr_trimmed_R2	196	1
ERR3004231	pr_trimmed_R2	199	2
ERR3004231	pr_trimmed_R2	204	1
ERR3004231	pr_trimmed_R2	205	6
ERR3004231	pr_trimmed_R2	207	2
ERR3004231	pr_trimmed_R2	210	1
ERR3004231	pr_trimmed_R2	211	1
ERR3004231	pr_trimmed_R2	213	6
ERR3004231	pr_trimmed_R2	215	1
ERR3004231	pr_trimmed_R2	217	3
ERR3004231	pr_trimmed_R2	218	2
ERR3004231	pr_trimmed_R2	219	2
ERR3004231	pr_trimmed_R2	220	6
ERR3004231	pr_trimmed_R2	221	4
ERR3004231	pr_trimmed_R2	222	5
ERR3004231	pr_trimmed_R2	224	5
ERR3004231	pr_trimmed_R2	225	12
ERR3004231	pr_trimmed_R2	226	291
ERR3004231	pr_trimmed_R2	227	43969
ERR3004231	pr_trimmed_R2	228	50736
ERR3004231	pr_trimmed_R2	229	31821
ERR3004231	pr_trimmed_R2	230	70346
ERR3004231	pr_trimmed_R2	231	2123
ERR3004231	pr_trimmed_R2	232	236
ERR3004231	pr_trimmed_R2	233	82
ERR3004231	pr_trimmed_R2	234	55
ERR3004231	pr_trimmed_R2	235	34
ERR3004231	pr_trimmed_R2	236	34
ERR3004231	pr_trimmed_R2	237	16
ERR3004231	pr_trimmed_R2	238	29
ERR3004231	pr_trimmed_R2	239	18
ERR3004231	pr_trimmed_R2	240	33
ERR3004231	pr_trimmed_R2	241	7
ERR3004231	pr_trimmed_R2	242	16
ERR3004231	pr_trimmed_R2	243	9
ERR3004231	pr_trimmed_R2	244	17
ERR3004231	pr_trimmed_R2	245	12
ERR3004231	pr_trimmed_R2	246	4
ERR3004231	pr_trimmed_R2	248	3
ERR3004231	pr_trimmed_R2	249	21
ERR3004231	pr_trimmed_R2	250	15
ERR3004231	pr_trimmed_R2	251	4
ERR3004231	pr_trimmed_R2	252	8
ERR3004231	pr_trimmed_R2	254	1
ERR3004231	raw_R1	325	200000
ERR3004231	raw_R2	285	200000
ERR3004231	trimmed_R1	252	1
ERR3004231	trimmed_R1	254	2
ERR3004231	trimmed_R1	260	1
ERR3004231	trimmed_R1	261	2
ERR3004231	trimmed_R1	262	3
ERR3004231	trimmed_R1	267	1
ERR3004231	trimmed_R1	280	1
ERR3004231	trimmed_R1	283	1
ERR3004231	trimmed_R1	286	1
ERR3004231	trimmed_R1	287	1
ERR3004231	trimmed_R1	290	1
ERR3004231	trimmed_R1	294	1
ERR3004231	trimmed_R1	296	1
ERR3004231	trimmed_R1	300	1
ERR3004231	trimmed_R1	302	1
ERR3004231	trimmed_R1	303	1
ERR3004231	trimmed_R1	308	1
ERR3004231	trimmed_R1	311	3
ERR3004231	trimmed_R1	312	8
ERR3004231	trimmed_R1	313	6
ERR3004231	trimmed_R1	314	5
ERR3004231	trimmed_R1	315	6
ERR3004231	trimmed_R1	316	3
ERR3004231	trimmed_R1	325	199948
ERR3004231	trimmed_R2	250	5
ERR3004231	trimmed_R2	251	3
ERR3004231	trimmed_R2	252	4
ERR3004231	trimmed_R2	253	3
ERR3004231	trimmed_R2	254	4
ERR3004231	trimmed_R2	255	3
ERR3004231	trimmed_R2	256	1
ERR3004231	trimmed_R2	257	1
ERR3004231	trimmed_R2	258	3
ERR3004231	trimmed_R2	259	2
ERR3004231	trimmed_R2	260	3
ERR3004231	trimmed_R2	261	4
ERR3004231	trimmed_R2	262	4
ERR3004231	trimmed_R2	263	2
ERR3004231	trimmed_R2	265	5
ERR3004231	trimmed_R2	266	1
ERR3004231	trimmed_R2	267	2
ERR3004231	trimmed_R2	269	1
ERR3004231	trimmed_R2	270	1
ERR3004231	trimmed_R2	271	5
ERR3004231	trimmed_R2	272	2
ERR3004231	trimmed_R2	273	2
ERR3004231	trimmed_R2	275	1
ERR3004231	trimmed_R2	276	2
ERR3004231	trimmed_R2	285	199936
ERR3004232	merged	286	1
ERR3004232	merged	294	11
ERR3004232	merged	295	11
ERR3004232	merged	296	12
ERR3004232	merged	297	25
ERR3004232	merged	298	23
ERR3004232	merged	299	6
ERR3004232	merged	300	33
ERR3004232	merged	301	6
ERR3004232	merged	302	21
ERR3004232	merged	303	12
ERR3004232	merged	304	3
ERR3004232	merged	305	10
ERR3004232	merged	306	24
ERR3004232	merged	307	7
ERR3004232	merged	308	30
ERR3004232	merged	309	16
ERR3004232	merged	310	3
ERR3004232	merged	311	16
ERR3004232	merged	312	4
ERR3004232	merged	313	9
ERR3004232	merged	314	8
ERR3004232	merged	315	7
ERR3004232	merged	316	3
ERR3004232	merged	317	10
ERR3004232	merged	318	15
ERR3004232	merged	319	8
ERR3004232	merged	320	18
ERR3004232	merged	321	7
ERR3004232	merged	322	36
ERR3004232	merged	323	7
ERR3004232	merged	324	57
ERR3004232	merged	325	2
ERR3004232	merged	326	13
ERR3004232	merged	327	13
ERR3004232	merged	328	8
ERR3004232	merged	329	8
ERR3004232	merged	330	5
ERR3004232	merged	331	13
ERR3004232	merged	332	8
ERR3004232	merged	333	69
ERR3004232	merged	334	9
ERR3004232	merged	335	15
ERR3004232	merged	336	175
ERR3004232	merged	337	25
ERR3004232	merged	338	45
ERR3004232	merged	339	40
ERR3004232	merged	340	45
ERR3004232	merged	341	27
ERR3004232	merged	342	57
ERR3004232	merged	343	24
ERR3004232	merged	344	25
ERR3004232	merged	345	30
ERR3004232	merged	346	30
ERR3004232	merged	347	19
ERR3004232	merged	348	82
ERR3004232	merged	349	109
ERR3004232	merged	350	79
ERR3004232	merged	351	58
ERR3004232	merged	352	455
ERR3004232	merged	353	56
ERR3004232	merged	354	58
ERR3004232	merged	355	35
ERR3004232	merged	356	37
ERR3004232	merged	357	40
ERR3004232	merged	358	40
ERR3004232	merged	359	124
ERR3004232	merged	360	34
ERR3004232	merged	361	37
ERR3004232	merged	362	77
ERR3004232	merged	363	121
ERR3004232	merged	364	38
ERR3004232	merged	365	33
ERR3004232	merged	366	47
ERR3004232	merged	367	32
ERR3004232	merged	368	42
ERR3004232	merged	369	28
ERR3004232	merged	370	35
ERR3004232	merged	371	46
ERR3004232	merged	372	62
ERR3004232	merged	373	31
ERR3004232	merged	374	65
ERR3004232	merged	375	77
ERR3004232	merged	376	104
ERR3004232	merged	377	180
ERR3004232	merged	378	122
ERR3004232	merged	379	2434
ERR3004232	merged	380	691
ERR3004232	merged	381	292
ERR3004232	merged	382	1405
ERR3004232	merged	383	2030
ERR3004232	merged	384	502
ERR3004232	merged	385	8889
ERR3004232	merged	386	1216
ERR3004232	merged	387	1703
ERR3004232	merged	388	5510
ERR3004232	merged	389	2001
ERR3004232	merged	390	11219
ERR3004232	merged	391	10110
ERR3004232	merged	392	3185
ERR3004232	merged	393	5020
ERR3004232	merged	394	4241
ERR3004232	merged	395	7428
ERR3004232	merged	396	27351
ERR3004232	merged	397	9180
ERR3004232	merged	398	37188
ERR3004232	merged	399	14032
ERR3004232	merged	400	4807
ERR3004232	merged	401	15359
ERR3004232	merged	402	3174
ERR3004232	merged	403	2270
ERR3004232	merged	404	3568
ERR3004232	merged	405	1452
ERR3004232	merged	406	1007
ERR3004232	merged	407	629
ERR3004232	merged	408	674
ERR3004232	merged	409	434
ERR3004232	merged	410	320
ERR3004232	merged	411	1964
ERR3004232	merged	412	341
ERR3004232	merged	413	232
ERR3004232	merged	414	770
ERR3004232	merged	415	465
ERR3004232	merged	416	629
ERR3004232	merged	417	219
ERR3004232	merged	418	1345
ERR3004232	merged	419	162
ERR3004232	merged	420	108
ERR3004232	merged	421	273
ERR3004232	merged	422	54
ERR3004232	merged	423	87
ERR3004232	merged	424	89
ERR3004232	merged	425	40
ERR3004232	merged	426	5
ERR3004232	merged	427	13
ERR3004232	merged	428	9
ERR3004232	merged	429	10
ERR3004232	merged	430	5
ERR3004232	merged	431	10
ERR3004232	merged	433	26
ERR3004232	merged	434	6
ERR3004232	merged	435	3
ERR3004232	merged	436	18
ERR3004232	merged	438	1
ERR3004232	merged	440	1
ERR3004232	merged	441	7
ERR3004232	merged	442	3
ERR3004232	merged	443	7
ERR3004232	merged	444	1
ERR3004232	merged	448	1
ERR3004232	merged	449	1
ERR3004232	merged	453	1
ERR3004232	merged	454	2
ERR3004232	merged	456	3
ERR3004232	merged	457	3
ERR3004232	merged	460	3
ERR3004232	merged	461	9
ERR3004232	merged	462	8
ERR3004232	merged	465	1
ERR3004232	merged	469	1
ERR3004232	merged	470	1
ERR3004232	merged	471	3
ERR3004232	merged	473	2
ERR3004232	merged	474	2
ERR3004232	merged	475	3
ERR3004232	merged	476	6
ERR3004232	merged	480	1
ERR3004232	merged	481	1
ERR3004232	merged	482	3
ERR3004232	merged	485	3
ERR3004232	merged	486	2
ERR3004232	merged	489	1
ERR3004232	merged	490	1
ERR3004232	merged	494	1
ERR3004232	merged	496	2
ERR3004232	merged	499	2
ERR3004232	merged	501	1
ERR3004232	merged	502	1
ERR3004232	merged	503	3
ERR3004232	merged	504	5
ERR3004232	merged	505	12
ERR3004232	merged	506	5
ERR3004232	merged	507	41
ERR3004232	merged	508	12
ERR3004232	merged	509	9
ERR3004232	merged	510	10
ERR3004232	merged	511	14
ERR3004232	merged	512	6
ERR3004232	merged	513	16
ERR3004232	merged	515	2
ERR3004232	merged	516	5
ERR3004232	merged	517	1
ERR3004232	merged	518	5
ERR3004232	merged	519	3
ERR3004232	merged	520	2
ERR3004232	merged	521	3
ERR3004232	merged	522	1
ERR3004232	merged	523	1
ERR3004232	merged	524	3
ERR3004232	overlap	11	1
ERR3004232	overlap	14	1
ERR3004232	overlap	15	1
ERR3004232	overlap	16	3
ERR3004232	overlap	17	2
ERR3004232	overlap	18	3
ERR3004232	overlap	19	5
ERR3004232	overlap	20	1
ERR3004232	overlap	21	3
ERR3004232	overlap	22	5
ERR3004232	overlap	23	2
ERR3004232	overlap	24	27
ERR3004232	overlap	25	1
ERR3004232	overlap	26	4
ERR3004232	overlap	27	14
ERR3004232	overlap	28	9
ERR3004232	overlap	29	6
ERR3004232	overlap	30	39
ERR3004232	overlap	31	14
ERR3004232	overlap	32	1
ERR3004232	overlap	33	6
ERR3004232	overlap	34	7
ERR3004232	overlap	35	2
ERR3004232	overlap	36	2
ERR3004232	overlap	37	3
ERR3004232	overlap	38	1
ERR3004232	overlap	39	2
ERR3004232	overlap	41	1
ERR3004232	overlap	46	1
ERR3004232	overlap	51	4
ERR3004232	overlap	52	2
ERR3004232	overlap	54	1
ERR3004232	overlap	55	3
ERR3004232	overlap	57	1
ERR3004232	overlap	61	8
ERR3004232	overlap	63	3
ERR3004232	overlap	64	3
ERR3004232	overlap	67	1
ERR3004232	overlap	68	2
ERR3004232	overlap	73	1
ERR3004232	overlap	74	9
ERR3004232	overlap	75	12
ERR3004232	overlap	81	5
ERR3004232	overlap	86	3
ERR3004232	overlap	88	1
ERR3004232	overlap	91	1
ERR3004232	overlap	93	1
ERR3004232	overlap	94	17
ERR3004232	overlap	96	1
ERR3004232	overlap	97	1
ERR3004232	overlap	99	2
ERR3004232	overlap	100	3
ERR3004232	overlap	101	5
ERR3004232	overlap	102	1
ERR3004232	overlap	103	4
ERR3004232	overlap	104	24
ERR3004232	overlap	105	1
ERR3004232	overlap	106	1
ERR3004232	overlap	107	26
ERR3004232	overlap	108	26
ERR3004232	overlap	109	6
ERR3004232	overlap	110	1
ERR3004232	overlap	111	2
ERR3004232	overlap	112	106
ERR3004232	overlap	113	16
ERR3004232	overlap	114	41
ERR3004232	overlap	115	93
ERR3004232	overlap	116	148
ERR3004232	overlap	117	134
ERR3004232	overlap	118	240
ERR3004232	overlap	119	310
ERR3004232	overlap	120	215
ERR3004232	overlap	121	1312
ERR3004232	overlap	122	1284
ERR3004232	overlap	123	271
ERR3004232	overlap	124	2118
ERR3004232	overlap	125	530
ERR3004232	overlap	126	128
ERR3004232	overlap	127	905
ERR3004232	overlap	128	722
ERR3004232	overlap	129	182
ERR3004232	overlap	130	2224
ERR3004232	overlap	131	204
ERR3004232	overlap	132	188
ERR3004232	overlap	133	7154
ERR3004232	overlap	134	744
ERR3004232	overlap	135	860
ERR3004232	overlap	136	30442
ERR3004232	overlap	137	2173
ERR3004232	overlap	138	1975
ERR3004232	overlap	139	63729
ERR3004232	overlap	140	3233
ERR3004232	overlap	141	708
ERR3004232	overlap	142	8435
ERR3004232	overlap	143	3069
ERR3004232	overlap	144	840
ERR3004232	overlap	145	16805
ERR3004232	overlap	146	7087
ERR3004232	overlap	147	868
ERR3004232	overlap	148	16415
ERR3004232	overlap	149	1383
ERR3004232	overlap	150	399
ERR3004232	overlap	151	9660
ERR3004232	overlap	152	1011
ERR3004232	overlap	153	271
ERR3004232	overlap	154	3401
ERR3004232	overlap	155	567
ERR3004232	overlap	156	184
ERR3004232	overlap	157	2848
ERR3004232	overlap	158	271
ERR3004232	overlap	159	115
ERR3004232	overlap	160	228
ERR3004232	overlap	161	126
ERR3004232	overlap	162	37
ERR3004232	overlap	163	76
ERR3004232	overlap	164	96
ERR3004232	overlap	165	82
ERR3004232	overlap	166	28
ERR3004232	overlap	167	44
ERR3004232	overlap	168	42
ERR3004232	overlap	169	45
ERR3004232	overlap	170	15
ERR3004232	overlap	171	51
ERR3004232	overlap	172	109
ERR3004232	overlap	173	41
ERR3004232	overlap	174	59
ERR3004232	overlap	175	33
ERR3004232	overlap	176	48
ERR3004232	overlap	177	56
ERR3004232	overlap	178	56
ERR3004232	overlap	179	11
ERR3004232	overlap	180	61
ERR3004232	overlap	181	9
ERR3004232	overlap	182	31
ERR3004232	overlap	183	550
ERR3004232	overlap	184	79
ERR3004232	overlap	185	51
ERR3004232	overlap	186	46
ERR3004232	overlap	187	156
ERR3004232	overlap	188	84
ERR3004232	overlap	189	10
ERR3004232	overlap	190	25
ERR3004232	overlap	191	16
ERR3004232	overlap	192	29
ERR3004232	overlap	193	52
ERR3004232	overlap	194	21
ERR3004232	overlap	195	25
ERR3004232	overlap	196	67
ERR3004232	overlap	197	36
ERR3004232	overlap	198	34
ERR3004232	overlap	199	55
ERR3004232	overlap	200	19
ERR3004232	overlap	201	13
ERR3004232	overlap	202	210
ERR3004232	overlap	203	30
ERR3004232	overlap	204	8
ERR3004232	overlap	205	4
ERR3004232	overlap	206	13
ERR3004232	overlap	207	11
ERR3004232	overlap	208	24
ERR3004232	overlap	209	5
ERR3004232	overlap	210	7
ERR3004232	overlap	211	26
ERR3004232	overlap	212	7
ERR3004232	overlap	213	41
ERR3004232	overlap	214	4
ERR3004232	overlap	215	20
ERR3004232	overlap	216	9
ERR3004232	overlap	217	7
ERR3004232	overlap	218	30
ERR3004232	overlap	219	8
ERR3004232	overlap	220	21
ERR3004232	overlap	221	1
ERR3004232	overlap	222	10
ERR3004232	overlap	223	17
ERR3004232	overlap	224	2
ERR3004232	overlap	226	26
ERR3004232	overlap	228	2
ERR3004232	overlap	229	44
ERR3004232	overlap	230	6
ERR3004232	overlap	231	9
ERR3004232	overlap	232	11
ERR3004232	overlap	233	6
ERR3004232	overlap	234	16
ERR3004232	overlap	235	35
ERR3004232	overlap	236	7
ERR3004232	overlap	237	10
ERR3004232	overlap	238	22
ERR3004232	overlap	239	4
ERR3004232	overlap	240	19
ERR3004232	overlap	241	51
ERR3004232	overlap	242	1
ERR3004232	post_filter	361	1
ERR3004232	post_filter	363	1
ERR3004232	post_filter	365	1
ERR3004232	post_filter	366	19
ERR3004232	post_filter	367	10
ERR3004232	post_filter	368	13
ERR3004232	post_filter	369	13
ERR3004232	post_filter	370	7
ERR3004232	post_filter	371	18
ERR3004232	post_filter	372	29
ERR3004232	post_filter	373	7
ERR3004232	post_filter	374	28
ERR3004232	post_filter	375	42
ERR3004232	post_filter	376	60
ERR3004232	post_filter	377	152
ERR3004232	post_filter	378	49
ERR3004232	post_filter	379	2353
ERR3004232	post_filter	380	606
ERR3004232	post_filter	381	135
ERR3004232	post_filter	382	1450
ERR3004232	post_filter	383	2186
ERR3004232	post_filter	384	431
ERR3004232	post_filter	385	9687
ERR3004232	post_filter	386	1150
ERR3004232	post_filter	387	1612
ERR3004232	post_filter	388	5922
ERR3004232	post_filter	389	1648
ERR3004232	post_filter	390	11440
ERR3004232	post_filter	391	10975
ERR3004232	post_filter	392	3155
ERR3004232	post_filter	393	5254
ERR3004232	post_filter	394	4080
ERR3004232	post_filter	395	7676
ERR3004232	post_filter	396	28573
ERR3004232	post_filter	397	8674
ERR3004232	post_filter	398	38829
ERR3004232	post_filter	399	13403
ERR3004232	post_filter	400	4131
ERR3004232	post_filter	401	15579
ERR3004232	post_filter	402	3139
ERR3004232	post_filter	403	2240
ERR3004232	post_filter	404	3909
ERR3004232	post_filter	405	1465
ERR3004232	post_filter	406	987
ERR3004232	post_filter	407	599
ERR3004232	post_filter	408	662
ERR3004232	post_filter	409	399
ERR3004232	post_filter	410	253
ERR3004232	post_filter	411	2357
ERR3004232	post_filter	412	155
ERR3004232	post_filter	413	199
ERR3004232	post_filter	414	876
ERR3004232	post_filter	415	393
ERR3004232	post_filter	416	676
ERR3004232	post_filter	417	123
ERR3004232	post_filter	418	1270
ERR3004232	post_filter	419	108
ERR3004232	post_filter	420	54
ERR3004232	post_filter	421	243
ERR3004232	post_filter	422	33
ERR3004232	post_filter	423	63
ERR3004232	post_filter	424	89
ERR3004232	post_filter	425	44
ERR3004232	post_filter	427	4
ERR3004232	post_filter	429	1
ERR3004232	post_filter	430	1
ERR3004232	post_filter	431	15
ERR3004232	post_filter	432	1
ERR3004232	post_filter	433	30
ERR3004232	post_filter	434	7
ERR3004232	post_filter	435	3
ERR3004232	post_filter	436	18
ERR3004232	post_filter	438	1
ERR3004232	post_filter	440	1
ERR3004232	post_filter	441	9
ERR3004232	post_filter	442	3
ERR3004232	post_filter	443	9
ERR3004232	post_filter	448	1
ERR3004232	post_filter	453	1
ERR3004232	post_filter	454	2
ERR3004232	post_filter	456	4
ERR3004232	post_filter	473	1
ERR3004232	post_filter	474	2
ERR3004232	post_filter	476	6
ERR3004232	post_filter	496	1
ERR3004232	post_filter	502	1
ERR3004232	post_filter	504	4
ERR3004232	post_filter	505	12
ERR3004232	post_filter	506	3
ERR3004232	post_filter	507	46
ERR3004232	post_filter	508	6
ERR3004232	post_filter	509	7
ERR3004232	post_filter	510	12
ERR3004232	post_filter	511	14
ERR3004232	post_filter	512	5
ERR3004232	post_filter	513	20
ERR3004232	post_filter	514	1
ERR3004232	post_filter	515	4
ERR3004232	post_filter	516	2
ERR3004232	post_filter	518	4
ERR3004232	post_filter	521	2
ERR3004232	post_filter	524	1
ERR3004232	pr_trimmed_R1	234	1
ERR3004232	pr_trimmed_R1	236	2
ERR3004232	pr_trimmed_R1	245	1
ERR3004232	pr_trimmed_R1	254	1
ERR3004232	pr_trimmed_R1	261	2
ERR3004232	pr_trimmed_R1	267	7
ERR3004232	pr_trimmed_R1	268	1
ERR3004232	pr_trimmed_R1	269	1
ERR3004232	pr_trimmed_R1	270	2
ERR3004232	pr_trimmed_R1	271	11
ERR3004232	pr_trimmed_R1	272	919
ERR3004232	pr_trimmed_R1	273	38
ERR3004232	pr_trimmed_R1	274	2
ERR3004232	pr_trimmed_R1	278	1
ERR3004232	pr_trimmed_R1	279	2
ERR3004232	pr_trimmed_R1	280	34
ERR3004232	pr_trimmed_R1	281	1
ERR3004232	pr_trimmed_R1	283	2
ERR3004232	pr_trimmed_R1	285	2
ERR3004232	pr_trimmed_R1	286	2
ERR3004232	pr_trimmed_R1	287	1
ERR3004232	pr_trimmed_R1	288	1
ERR3004232	pr_trimmed_R1	289	2
ERR3004232	pr_trimmed_R1	290	2
ERR3004232	pr_trimmed_R1	291	14
ERR3004232	pr_trimmed_R1	292	60
ERR3004232	pr_trimmed_R1	293	2070
ERR3004232	pr_trimmed_R1	294	55919
ERR3004232	pr_trimmed_R1	295	38819
ERR3004232	pr_trimmed_R1	296	66762
ERR3004232	pr_trimmed_R1	297	15149
ERR3004232	pr_trimmed_R1	298	973
ERR3004232	pr_trimmed_R1	299	2927
ERR3004232	pr_trimmed_R1	300	6442
ERR3004232	pr_trimmed_R1	301	4733
ERR3004232	pr_trimmed_R1	302	4686
ERR3004232	pr_trimmed_R1	303	211
ERR3004232	pr_trimmed_R1	304	196
ERR3004232	pr_trimmed_R1	305	1
ERR3004232	pr_trimmed_R2	210	1
ERR3004232	pr_trimmed_R2	215	3
ERR3004232	pr_trimmed_R2	219	1
ERR3004232	pr_trimmed_R2	221	2
ERR3004232	pr_trimmed_R2	223	1
ERR3004232	pr_trimmed_R2	225	1
ERR3004232	pr_trimmed_R2	227	1
ERR3004232	pr_trimmed_R2	228	2
ERR3004232	pr_trimmed_R2	231	4
ERR3004232	pr_trimmed_R2	233	8
ERR3004232	pr_trimmed_R2	235	4
ERR3004232	pr_trimmed_R2	236	4
ERR3004232	pr_trimmed_R2	237	2
ERR3004232	pr_trimmed_R2	238	5
ERR3004232	pr_trimmed_R2	239	45
ERR3004232	pr_trimmed_R2	240	1073
ERR3004232	pr_trimmed_R2	241	194197
ERR3004232	pr_trimmed_R2	242	4001
ERR3004232	pr_trimmed_R2	243	287
ERR3004232	pr_trimmed_R2	244	90
ERR3004232	pr_trimmed_R2	245	56
ERR3004232	pr_trimmed_R2	246	37
ERR3004232	pr_trimmed_R2	247	54
ERR3004232	pr_trimmed_R2	248	28
ERR3004232	pr_trimmed_R2	249	27
ERR3004232	pr_trimmed_R2	250	19
ERR3004232	pr_trimmed_R2	251	7
ERR3004232	pr_trimmed_R2	252	11
ERR3004232	pr_trimmed_R2	253	9
ERR3004232	pr_trimmed_R2	254	5
ERR3004232	pr_trimmed_R2	255	2
ERR3004232	pr_trimmed_R2	256	3
ERR3004232	pr_trimmed_R2	258	6
ERR3004232	pr_trimmed_R2	259	1
ERR3004232	pr_trimmed_R2	260	2
ERR3004232	pr_trimmed_R2	261	1
ERR3004232	raw_R1	325	200000
ERR3004232	raw_R2	285	200000
ERR3004232	trimmed_R1	265	2
ERR3004232	trimmed_R1	267	1
ERR3004232	trimmed_R1	271	1
ERR3004232	trimmed_R1	275	1
ERR3004232	trimmed_R1	283	1
ERR3004232	trimmed_R1	291	1
ERR3004232	trimmed_R1	292	1
ERR3004232	trimmed_R1	294	1
ERR3004232	trimmed_R1	297	2
ERR3004232	trimmed_R1	309	1
ERR3004232	trimmed_R1	311	1
ERR3004232	trimmed_R1	312	5
ERR3004232	trimmed_R1	313	3
ERR3004232	trimmed_R1	314	3
ERR3004232	trimmed_R1	315	3
ERR3004232	trimmed_R1	316	3
ERR3004232	trimmed_R1	325	199970
ERR3004232	trimmed_R2	251	1
ERR3004232	trimmed_R2	254	1
ERR3004232	trimmed_R2	256	1
ERR3004232	trimmed_R2	257	2
ERR3004232	trimmed_R2	261	1
ERR3004232	trimmed_R2	262	1
ERR3004232	trimmed_R2	263	1
ERR3004232	trimmed_R2	265	2
ERR3004232	trimmed_R2	266	1
ERR3004232	trimmed_R2	267	1
ERR3004232	trimmed_R2	270	3
ERR3004232	trimmed_R2	271	1
ERR3004232	trimmed_R2	274	2
ERR3004232	trimmed_R2	275	2
ERR3004232	trimmed_R2	276	1
ERR3004232	trimmed_R2	285	199979
