selection_reason	sequence_id	ig_productive	ab_productive	ig_v_call	ab_v_call	ig_d_call	ab_d_call	ig_j_call	ab_j_call	ig_cdr3_aa	ab_cdr3_aa	cdr3_relation	ig_v_identity	ab_v_identity	igbrowser_valid
cdr3_exact_match	SRR22279249.42	T	true	VHQ52.a24.72	IGHV0-JEF2*00	DSP2.3,DSP2.4,DSP2.6	IGHD0-BTUW*00__mus_musculus	JH2,JH3	IGHJ0-TXGH*00	ARDPFSSWGYAQ	ARDPFSSWGYAQ	cdr3_match	74.061	0.7372013651877133	True
cdr3_exact_match	SRR22279249.43	T	true	VHQ52.a22.67	IGHV0-ZUDH*00	DFL16.1	IGHD0-VHCZ*00	JH1	IGHJ0-32C2*00	TRAWYGGDEIYDGIDA	TRAWYGGDEIYDGIDA	cdr3_match	74.035	0.7250859106529209	True
cdr3_exact_match	SRR22279249.55	T	true	VHQ52.a24.72	IGHV0-TOCH*00	DSP2.9	IGHD0-XZUH*00__mus_musculus	JH4	IGHJ0-TXGH*00	GKDTSYSGYRKLAGYDANIDY	GKDTSYSGYRKLAGYDANIDY	cdr3_match	77.133	0.7692307692307692	True
cdr3_exact_match	SRR22279249.48	T	true	Q52.10.33	IGHV0-TOCH*00	DSP2.3,DSP2.4,DSP2.6	IGHD0-W5WR*00__mus_musculus	JH4	IGHJ0-TXGH*00	ARERGYNYMYGHYIDY	ARERGYNYMYGHYIDY	cdr3_match	71.672	0.718213058419244	True
cdr3_exact_match	SRR22279249.65	T	true	Q52.10.33	IGHV0-JEF2*00	DSP2.13	IGHD0-VHCZ*00__mus_musculus	JH2	IGHJ0-OHJS*00	ARDYADTGRGSYSFGY	ARDYADTGRGSYSFGY	cdr3_match	70.307	0.7030716723549488	True
cdr3_mismatch	SRR22279249.25	T	false	Q52.10.33	IGHV0-JEF2*00	DSP2.3,DSP2.4,DSP2.6	IGHD0-BTUW*00__mus_musculus	JH4	IGHJ0-TXGH*00	ERESGVEWVTGIDY	ERESXVEWVTGIDY	cdr3_mismatch	76.109	0.7610921501706485	True
cdr3_mismatch	SRR22279249.142	F	false	VHQ52.a19.61	IGHV0-TOCH*00	DSP2.9	IGHD0-XZUH*00	JH1	IGHJ0-32C2*00	KSD*RICYSDDGYAIWGLRCRC	ARATEEFAIAMMVTPSGAYGADV	cdr3_mismatch	73.559	0.738831615120275	True
cdr3_mismatch	SRR22279249.190	F	false	Q52.10.33,VHQ52.a22.67	IGHV0-JEF2*00	DFL16.3,DSP2.13,DSP2.2	IGHD0-4WOL*00__mus_musculus	JH1	IGHJ0-32C2*00	*RVGAVIVLMLMTSIT	LKGWCGDCPYAHDFDY	cdr3_mismatch	71.930	0.7228070175438597	True
cdr3_mismatch	SRR22279249.325	F	false	Q52.10.33	IGHV0-JEF2*00	DSP2.3,DSP2.4,DSP2.6	IGHD0-XZUH*00__mus_musculus	JH4	IGHJ0-TXGH*00	QGMLALMVSSTLSTT	ARDAGTHGFQYSFDY	cdr3_mismatch	73.469	0.7303754266211604	True
cdr3_mismatch	SRR22279249.331	F	false	VHQ52.a12.33	IGHV0-TOCH*00	DFL16.1j	IGHD0-VHCZ*00__mus_musculus	JH3	IGHJ0-32C2*00	QEVI*MVVVRMVARL*MT	ARGYLNGCSADGSQAVDD	cdr3_mismatch	71.094	0.6563573883161512	True
productive_discordance	SRR22279249.15	T	false	Q52.10.33	IGHV0-JEF2*00	DSP2.12	IGHD0-BTUW*00	JH3	IGHJ0-32C2*00	ACPRLYGDAYSYEY	ACPRLYGDAYSYEY	cdr3_match	72.822	0.7250859106529209	True
productive_discordance	SRR22279249.16	T	false	Q52.10.33	IGHV0-JEF2*00	DSP2.2	IGHD0-6HI7*00__mus_musculus	JH3	IGHJ0-32C2*00	VQVRNLLIMEIDY	VQVRNLLIMEIDY	cdr3_match	74.476	0.7447552447552448	True
productive_discordance	SRR22279249.17	T	false	Q52.10.33	IGHV0-JEF2*00	DFL16.1,DFL16.1j,DST4-BALB/c	IGHD0-XZUH*00__mus_musculus	JH2	IGHJ0-TXGH*00	XXAYNTYYGXAYETGLVDY	XXAYNTYYGXAYETGLVDY	cdr3_match	75.175	0.7359154929577465	True
productive_discordance	SRR22279249.20	T	false	Q52.10.33	IGHV0-JEF2*00	DSP2.9	IGHD0-XZUH*00	JH2	IGHJ0-TXGH*00	AKFLRARTDTDGWACRFDY	AKFLRARTDTDGWACRFDY	cdr3_match	74.913	0.7474048442906575	True
productive_discordance	SRR22279249.24	T	false	Q52.8.22	IGHV0-TOCH*00	DFL16.1,DFL16.1j,DFL16.3	IGHD0-VHCZ*00__mus_musculus	JH3	IGHJ0-32C2*00	ARSGSFPSAWDYTVEI	ARSGSFPSAWDYTVEI	cdr3_match	76.307	0.7630662020905923	True
low_v_identity	SRR22279249.12	F	false	VHQ52.a22.67	IGHV0-TOCH*00	DSP2.12	IGHD0-VHCZ*00__mus_musculus	JH4	IGHJ0-TXGH*00	AKTVVGNIYSIDY	AKTVVGNIYSIDY	cdr3_match	65.862	0.6574394463667821	True
low_v_identity	SRR22279249.50	T	false	VHQ52.a27.79	IGHV0-JEF2*00	DFL16.1j,DQ52-BALB/c,DQ52-C57BL/6	IGHD0-6HI7*00__mus_musculus	JH3	IGHJ0-OHJS*00	ARVGARDPWDCAYDY	ARVGARDPWDCAYDY	cdr3_match	73.973	0.7397260273972603	True
low_v_identity	SRR22279249.57	T	false	Q52.10.33	IGHV0-JEF2*00	DSP2.5,DSP2.7,DSP2.8	IGHD0-W5WR*00__mus_musculus	JH1	IGHJ0-32C2*00	ANILVIGHGAHV	ANILVIGHGAHV	cdr3_match	74.913	0.7474048442906575	True
low_v_identity	SRR22279249.49	T	false	Q52.2.4,VHQ52.a12.33,VHQ52.a14psi.38	IGHV0-TOCH*00	DSP2.12	IGHD0-W5WR*00	JH2,JH3	IGHJ0-OHJS*00	ARFGSELQYDDNF	ARFGSELQYDDNF	cdr3_match	68.729	0.6804123711340206	True
low_v_identity	SRR22279249.41	T	false	VHQ52.a22.67	IGHV0-TOCH*00	DQ52-BALB/c	IGHD0-5S4H*00__mus_musculus	JH4	IGHJ0-TXGH*00	AIAATDDAFDY	AIAATDDAFDY	cdr3_match	74.216	0.7301038062283737	True
